Document No_,Line No_,Sell-to Customer No_,Type,No_,Location Code,Posting Date,Shipment Date,Description,Unit of Measure,Quantity,Unit Price,Unit Cost (LCY),Line Discount _,Line Discount Amount,Amount,Amount Including VAT,Item Category Code,Tipo,Buy-from Vendor No_,Expected Receipt Date,Unit Cost
103001,10000,20000.0,2,1928-S,,2022-01-18,2023-04-16,Lámpara ÁMSTERDAM,Unidad,3.0,55.2,43.1,0.0,0.0,165.6,200.38,VARIOS,Venta,,,
103002,10000,10000.0,2,1960-S,,2022-01-19,2023-04-16,"Silla inv. ROMA, verde",Unidad,4.0,193.7,151.1,0.0,0.0,774.8,937.51,SILLA,Venta,,,
103003,10000,30000.0,2,1988-S,,2022-01-20,2023-04-16,"SEOUL Guest Chair, red",Piece,1.0,193.7,151.1,0.0,0.0,193.7,193.7,SILLA,Venta,,,
103004,10000,50000.0,2,1968-S,,2022-01-21,2023-04-16,"Silla giratoria MÉXICO, negra",Unidad,2.0,191.0,148.9,0.0,0.0,382.0,462.22,SILLA,Venta,,,
103005,10000,40000.0,2,1960-S,,2022-01-22,2023-04-16,"Silla inv. ROMA, verde",stück,2.0,193.7,151.1,0.0,0.0,387.4,387.4,SILLA,Venta,,,
103006,10000,20000.0,2,1900-S,,2022-01-23,2023-04-16,"Silla inv. PARÍS, negra",Unidad,4.0,193.7,151.1,0.0,0.0,774.8,937.51,SILLA,Venta,,,
103006,20000,20000.0,2,1964-S,,2022-01-23,2023-04-16,"Silla inv. TOKIO, azul",Unidad,5.0,193.7,151.1,0.0,0.0,968.5,1171.88,SILLA,Venta,,,
103006,30000,20000.0,2,1980-S,,2022-01-23,2023-04-16,"Silla giratoria MOSCÚ, roja",Unidad,3.0,191.0,148.9,0.0,0.0,573.0,693.33,SILLA,Venta,,,
103007,10000,10000.0,2,1896-S,,2022-01-23,2023-04-16,Escritorio ATENAS,Unidad,5.0,1005.8,784.6,0.0,0.0,5029.0,6085.09,MESA,Venta,,,
103007,20000,10000.0,2,1972-S,,2022-01-23,2023-04-16,"Silla giratoria MUNICH, amar.",Unidad,2.0,191.0,148.9,0.0,0.0,382.0,462.22,SILLA,Venta,,,
103007,30000,10000.0,2,1996-S,,2022-01-23,2023-04-16,"Pizarra ATLANTA, base",Unidad,4.0,1404.3,1095.3,0.0,0.0,5617.2,6796.81,VARIOS,Venta,,,
103008,10000,50000.0,2,1906-S,,2022-01-25,2023-04-16,Pedestal móvil ATENAS,Unidad,6.0,435.8,339.9,0.0,0.0,2614.8,3163.91,ESCRITORIO,Venta,,,
103009,10000,30000.0,2,1928-S,,2022-01-26,2023-04-16,Lámpara giratoria roja,Piece,7.0,55.2,43.1,0.0,0.0,386.4,386.4,VARIOS,Venta,,,
103010,10000,40000.0,2,1908-S,,2022-01-26,2023-04-16,"Silla giratoria LONDRES, azul",stück,5.0,191.0,148.9,0.0,0.0,955.0,955.0,SILLA,Venta,,,
103010,20000,40000.0,2,1920-S,,2022-01-26,2023-04-16,Mesa de conferencia AMBERES,stück,3.0,651.1,508.0,0.0,0.0,1953.3,1953.3,ESCRITORIO,Venta,,,
103010,30000,40000.0,2,1968-S,,2022-01-26,2023-04-16,"Silla giratoria MÉXICO, negra",stück,4.0,191.0,148.9,0.0,0.0,764.0,764.0,SILLA,Venta,,,
103010,40000,40000.0,2,1980-S,,2022-01-26,2023-04-16,"Silla giratoria MOSCÚ, roja",stück,1.0,191.0,148.9,0.0,0.0,191.0,191.0,SILLA,Venta,,,
103011,10000,20000.0,2,1900-S,,2022-01-28,2023-04-16,"Silla inv. PARÍS, negra",Unidad,4.0,193.7,151.1,0.0,0.0,774.8,937.51,SILLA,Venta,,,
103012,10000,30000.0,2,1896-S,,2022-01-29,2023-04-16,ATHENS Desk,Piece,4.0,1005.8,784.6,0.0,0.0,4023.2,4023.2,MESA,Venta,,,
103012,20000,30000.0,2,1936-S,,2022-01-29,2023-04-16,"BERLIN Guest Chair, yellow",Piece,8.0,193.7,151.1,0.0,0.0,1549.6,1549.6,SILLA,Venta,,,
103012,30000,30000.0,2,1972-S,,2022-01-29,2023-04-16,"MUNICH Swivel Chair, yellow",Piece,5.0,191.0,148.9,0.0,0.0,955.0,955.0,SILLA,Venta,,,
103012,40000,30000.0,2,1996-S,,2022-01-29,2023-04-16,"ATLANTA Whiteboard, base",Piece,3.0,1404.3,1095.3,0.0,0.0,4212.9,4212.9,VARIOS,Venta,,,
103013,10000,50000.0,2,1920-S,,2022-01-31,2023-04-16,Mesa de conferencia AMBERES,Unidad,2.0,651.1,508.0,0.0,0.0,1302.2,1575.66,ESCRITORIO,Venta,,,
103013,20000,50000.0,2,1988-S,,2022-01-31,2023-04-16,"Silla inv. SEUL, roja",Unidad,4.0,193.7,151.1,0.0,0.0,774.8,937.51,SILLA,Venta,,,
103014,10000,30000.0,2,1960-S,,2022-02-01,2023-04-16,"ROME Guest Chair, green",Piece,1.0,193.7,151.1,0.0,0.0,193.7,193.7,SILLA,Venta,,,
103014,20000,30000.0,2,2000-S,,2022-02-01,2023-04-16,"SYDNEY Swivel Chair, green",Piece,5.0,191.0,148.9,0.0,0.0,955.0,955.0,SILLA,Venta,,,
103015,10000,20000.0,2,1928-S,,2022-02-17,2023-04-16,Lámpara ÁMSTERDAM,Unidad,3.0,55.2,43.1,0.0,0.0,165.6,200.38,VARIOS,Venta,,,
103016,10000,10000.0,2,1960-S,,2022-02-17,2023-04-16,"Silla inv. ROMA, verde",Unidad,4.0,193.7,151.1,0.0,0.0,774.8,937.51,SILLA,Venta,,,
103017,10000,30000.0,2,1988-S,,2022-02-19,2023-04-16,"SEOUL Guest Chair, red",Piece,1.0,193.7,151.1,0.0,0.0,193.7,193.7,SILLA,Venta,,,
103018,10000,40000.0,2,1960-S,,2022-02-20,2023-04-16,"Silla inv. ROMA, verde",stück,2.0,193.7,151.1,0.0,0.0,387.4,387.4,SILLA,Venta,,,
103019,10000,20000.0,2,1900-S,,2022-02-21,2023-04-16,"Silla inv. PARÍS, negra",Unidad,5.0,193.7,151.1,0.0,0.0,968.5,1171.89,SILLA,Venta,,,
103019,20000,20000.0,2,1964-S,,2022-02-21,2023-04-16,"Silla inv. TOKIO, azul",Unidad,5.0,193.7,151.1,0.0,0.0,968.5,1171.88,SILLA,Venta,,,
103019,30000,20000.0,2,1980-S,,2022-02-21,2023-04-16,"Silla giratoria MOSCÚ, roja",Unidad,3.0,191.0,148.9,0.0,0.0,573.0,693.33,SILLA,Venta,,,
103020,10000,10000.0,2,1896-S,,2022-02-21,2023-04-16,Escritorio ATENAS,Unidad,7.0,1005.8,784.6,0.0,0.0,7040.6,8519.13,MESA,Venta,,,
103020,20000,10000.0,2,1972-S,,2022-02-21,2023-04-16,"Silla giratoria MUNICH, amar.",Unidad,2.0,191.0,148.9,0.0,0.0,382.0,462.22,SILLA,Venta,,,
103020,30000,10000.0,2,1996-S,,2022-02-21,2023-04-16,"Pizarra ATLANTA, base",Unidad,4.0,1404.3,1095.3,0.0,0.0,5617.2,6796.81,VARIOS,Venta,,,
103021,10000,50000.0,2,1906-S,,2022-02-22,2023-04-16,Pedestal móvil ATENAS,Unidad,8.0,435.8,339.9,0.0,0.0,3486.4,4218.54,ESCRITORIO,Venta,,,
103021,20000,50000.0,2,1968-S,,2022-02-22,2023-04-16,"Silla giratoria MÉXICO, negra",Unidad,2.0,191.0,148.9,0.0,0.0,382.0,462.22,SILLA,Venta,,,
103022,10000,40000.0,2,1908-S,,2022-02-24,2023-04-16,"Silla giratoria LONDRES, azul",stück,5.0,191.0,148.9,0.0,0.0,955.0,955.0,SILLA,Venta,,,
103022,20000,40000.0,2,1920-S,,2022-02-24,2023-04-16,Mesa de conferencia AMBERES,stück,2.0,651.1,508.0,0.0,0.0,1302.2,1302.2,ESCRITORIO,Venta,,,
103022,30000,40000.0,2,1968-S,,2022-02-24,2023-04-16,"Silla giratoria MÉXICO, negra",stück,4.0,191.0,148.9,0.0,0.0,764.0,764.0,SILLA,Venta,,,
103022,40000,40000.0,2,1980-S,,2022-02-24,2023-04-16,"Silla giratoria MOSCÚ, roja",stück,1.0,191.0,148.9,0.0,0.0,191.0,191.0,SILLA,Venta,,,
103023,10000,20000.0,2,1900-S,,2022-02-25,2023-04-16,"Silla inv. PARÍS, negra",Unidad,5.0,193.7,151.1,0.0,0.0,968.5,1171.89,SILLA,Venta,,,
103024,10000,30000.0,2,1896-S,,2022-02-25,2023-04-16,ATHENS Desk,Piece,6.0,1005.8,784.6,0.0,0.0,6034.8,6034.8,MESA,Venta,,,
103024,20000,30000.0,2,1928-S,,2022-02-25,2023-04-16,Lámpara giratoria roja,Piece,8.0,55.2,43.1,0.0,0.0,441.6,441.6,VARIOS,Venta,,,
103024,30000,30000.0,2,1936-S,,2022-02-25,2023-04-16,"BERLIN Guest Chair, yellow",Piece,9.0,193.7,151.1,0.0,0.0,1743.3,1743.3,SILLA,Venta,,,
103024,40000,30000.0,2,1996-S,,2022-02-25,2023-04-16,"ATLANTA Whiteboard, base",Piece,2.0,1404.3,1095.3,0.0,0.0,2808.6,2808.6,VARIOS,Venta,,,
103025,10000,30000.0,2,1960-S,,2022-02-28,2023-04-16,"ROME Guest Chair, green",Piece,1.0,193.7,151.1,0.0,0.0,193.7,193.7,SILLA,Venta,,,
103025,20000,30000.0,2,1972-S,,2022-02-28,2023-04-16,"MUNICH Swivel Chair, yellow",Piece,5.0,191.0,148.9,0.0,0.0,955.0,955.0,SILLA,Venta,,,
103025,30000,30000.0,2,2000-S,,2022-02-28,2023-04-16,"SYDNEY Swivel Chair, green",Piece,5.0,191.0,148.9,0.0,0.0,955.0,955.0,SILLA,Venta,,,
103026,10000,50000.0,2,1920-S,,2022-02-28,2023-04-16,Mesa de conferencia AMBERES,Unidad,2.0,651.1,508.0,0.0,0.0,1302.2,1575.66,ESCRITORIO,Venta,,,
103026,20000,50000.0,2,1988-S,,2022-02-28,2023-04-16,"Silla inv. SEUL, roja",Unidad,4.0,193.7,151.1,0.0,0.0,774.8,937.51,SILLA,Venta,,,
103027,10000,20000.0,2,1928-S,,2022-03-18,2023-04-16,Lámpara ÁMSTERDAM,Unidad,3.0,55.2,43.1,0.0,0.0,165.6,200.38,VARIOS,Venta,,,
103028,10000,10000.0,2,1960-S,,2022-03-19,2023-04-16,"Silla inv. ROMA, verde",Unidad,5.0,193.7,151.1,0.0,0.0,968.5,1171.89,SILLA,Venta,,,
103029,10000,30000.0,2,1988-S,,2022-03-20,2023-04-16,"SEOUL Guest Chair, red",Piece,2.0,193.7,151.1,0.0,0.0,387.4,387.4,SILLA,Venta,,,
103030,10000,50000.0,2,1968-S,,2022-03-21,2023-04-16,"Silla giratoria MÉXICO, negra",Unidad,2.0,191.0,148.9,0.0,0.0,382.0,462.22,SILLA,Venta,,,
103031,10000,40000.0,2,1960-S,,2022-03-22,2023-04-16,"Silla inv. ROMA, verde",stück,2.0,193.7,151.1,0.0,0.0,387.4,387.4,SILLA,Venta,,,
103032,10000,20000.0,2,1900-S,,2022-03-23,2023-04-16,"Silla inv. PARÍS, negra",Unidad,5.0,193.7,151.1,0.0,0.0,968.5,1171.89,SILLA,Venta,,,
103032,20000,20000.0,2,1964-S,,2022-03-23,2023-04-16,"Silla inv. TOKIO, azul",Unidad,6.0,193.7,151.1,0.0,0.0,1162.2,1406.26,SILLA,Venta,,,
103032,30000,20000.0,2,1980-S,,2022-03-23,2023-04-16,"Silla giratoria MOSCÚ, roja",Unidad,5.0,191.0,148.9,0.0,0.0,955.0,1155.55,SILLA,Venta,,,
103033,10000,10000.0,2,1896-S,,2022-03-23,2023-04-16,Escritorio ATENAS,Unidad,8.0,1005.8,784.6,0.0,0.0,8046.4,9736.14,MESA,Venta,,,
103033,20000,10000.0,2,1972-S,,2022-03-23,2023-04-16,"Silla giratoria MUNICH, amar.",Unidad,3.0,191.0,148.9,0.0,0.0,573.0,693.33,SILLA,Venta,,,
103033,30000,10000.0,2,1996-S,,2022-03-23,2023-04-16,"Pizarra ATLANTA, base",Unidad,6.0,1404.3,1095.3,0.0,0.0,8425.8,10195.22,VARIOS,Venta,,,
103034,10000,50000.0,2,1906-S,,2022-03-25,2023-04-16,Pedestal móvil ATENAS,Unidad,9.0,435.8,339.9,0.0,0.0,3922.2,4745.86,ESCRITORIO,Venta,,,
103035,10000,30000.0,2,1928-S,,2022-03-26,2023-04-16,Lámpara giratoria roja,Piece,10.0,55.2,43.1,0.0,0.0,552.0,552.0,VARIOS,Venta,,,
103036,10000,40000.0,2,1908-S,,2022-03-26,2023-04-16,"Silla giratoria LONDRES, azul",stück,6.0,191.0,148.9,0.0,0.0,1146.0,1146.0,SILLA,Venta,,,
103036,20000,40000.0,2,1920-S,,2022-03-26,2023-04-16,Mesa de conferencia AMBERES,stück,4.0,651.1,508.0,0.0,0.0,2604.4,2604.4,ESCRITORIO,Venta,,,
103036,30000,40000.0,2,1968-S,,2022-03-26,2023-04-16,"Silla giratoria MÉXICO, negra",stück,6.0,191.0,148.9,0.0,0.0,1146.0,1146.0,SILLA,Venta,,,
103036,40000,40000.0,2,1980-S,,2022-03-26,2023-04-16,"Silla giratoria MOSCÚ, roja",stück,1.0,191.0,148.9,0.0,0.0,191.0,191.0,SILLA,Venta,,,
103037,10000,20000.0,2,1900-S,,2022-03-28,2023-04-16,"Silla inv. PARÍS, negra",Unidad,6.0,193.7,151.1,0.0,0.0,1162.2,1406.26,SILLA,Venta,,,
103038,10000,30000.0,2,1896-S,,2022-03-29,2023-04-16,ATHENS Desk,Piece,7.0,1005.8,784.6,0.0,0.0,7040.6,7040.6,MESA,Venta,,,
103038,20000,30000.0,2,1936-S,,2022-03-29,2023-04-16,"BERLIN Guest Chair, yellow",Piece,10.0,193.7,151.1,0.0,0.0,1937.0,1937.0,SILLA,Venta,,,
103038,30000,30000.0,2,1972-S,,2022-03-29,2023-04-16,"MUNICH Swivel Chair, yellow",Piece,6.0,191.0,148.9,0.0,0.0,1146.0,1146.0,SILLA,Venta,,,
103038,40000,30000.0,2,1996-S,,2022-03-29,2023-04-16,"ATLANTA Whiteboard, base",Piece,4.0,1404.3,1095.3,0.0,0.0,5617.2,5617.2,VARIOS,Venta,,,
103039,10000,50000.0,2,1920-S,,2022-03-31,2023-04-16,Mesa de conferencia AMBERES,Unidad,3.0,651.1,508.0,0.0,0.0,1953.3,2363.49,ESCRITORIO,Venta,,,
103039,20000,50000.0,2,1988-S,,2022-03-31,2023-04-16,"Silla inv. SEUL, roja",Unidad,4.0,193.7,151.1,0.0,0.0,774.8,937.51,SILLA,Venta,,,
103040,10000,30000.0,2,1960-S,,2022-04-01,2023-04-16,"ROME Guest Chair, green",Piece,2.0,193.7,151.1,0.0,0.0,387.4,387.4,SILLA,Venta,,,
103040,20000,30000.0,2,2000-S,,2022-04-01,2023-04-16,"SYDNEY Swivel Chair, green",Piece,7.0,191.0,148.9,0.0,0.0,1337.0,1337.0,SILLA,Venta,,,
103041,10000,20000.0,2,1928-S,,2022-04-17,2023-04-16,Lámpara ÁMSTERDAM,Unidad,3.0,55.2,43.1,0.0,0.0,165.6,200.38,VARIOS,Venta,,,
103042,10000,30000.0,2,1988-S,,2022-04-19,2023-04-16,"SEOUL Guest Chair, red",Piece,1.0,193.7,151.1,0.0,0.0,193.7,193.7,SILLA,Venta,,,
103043,10000,50000.0,2,1968-S,,2022-04-20,2023-04-16,"Silla giratoria MÉXICO, negra",Unidad,2.0,191.0,148.9,0.0,0.0,382.0,462.22,SILLA,Venta,,,
103044,10000,10000.0,2,1896-S,,2022-04-21,2023-04-16,Escritorio ATENAS,Unidad,10.0,1005.8,784.6,0.0,0.0,10058.0,12170.18,MESA,Venta,,,
103044,20000,10000.0,2,1960-S,,2022-04-21,2023-04-16,"Silla inv. ROMA, verde",Unidad,5.0,193.7,151.1,0.0,0.0,968.5,1171.88,SILLA,Venta,,,
103044,30000,10000.0,2,1972-S,,2022-04-21,2023-04-16,"Silla giratoria MUNICH, amar.",Unidad,3.0,191.0,148.9,0.0,0.0,573.0,693.33,SILLA,Venta,,,
103044,40000,10000.0,2,1996-S,,2022-04-21,2023-04-16,"Pizarra ATLANTA, base",Unidad,6.0,1404.3,1095.3,0.0,0.0,8425.8,10195.22,VARIOS,Venta,,,
103045,10000,20000.0,2,1900-S,,2022-04-22,2023-04-16,"Silla inv. PARÍS, negra",Unidad,5.0,193.7,151.1,0.0,0.0,968.5,1171.89,SILLA,Venta,,,
103045,20000,20000.0,2,1964-S,,2022-04-22,2023-04-16,"Silla inv. TOKIO, azul",Unidad,6.0,193.7,151.1,0.0,0.0,1162.2,1406.26,SILLA,Venta,,,
103045,30000,20000.0,2,1980-S,,2022-04-22,2023-04-16,"Silla giratoria MOSCÚ, roja",Unidad,4.0,191.0,148.9,0.0,0.0,764.0,924.44,SILLA,Venta,,,
103046,10000,50000.0,2,1906-S,,2022-04-24,2023-04-16,Pedestal móvil ATENAS,Unidad,9.0,435.8,339.9,0.0,0.0,3922.2,4745.86,ESCRITORIO,Venta,,,
103047,10000,40000.0,2,1908-S,,2022-04-24,2023-04-16,"Silla giratoria LONDRES, azul",stück,6.0,191.0,148.9,0.0,0.0,1146.0,1146.0,SILLA,Venta,,,
103047,20000,40000.0,2,1920-S,,2022-04-24,2023-04-16,Mesa de conferencia AMBERES,stück,3.0,651.1,508.0,0.0,0.0,1953.3,1953.3,ESCRITORIO,Venta,,,
103047,30000,40000.0,2,1960-S,,2022-04-24,2023-04-16,"Silla inv. ROMA, verde",stück,2.0,193.7,151.1,0.0,0.0,387.4,387.4,SILLA,Venta,,,
103047,40000,40000.0,2,1968-S,,2022-04-24,2023-04-16,"Silla giratoria MÉXICO, negra",stück,7.0,191.0,148.9,0.0,0.0,1337.0,1337.0,SILLA,Venta,,,
103047,50000,40000.0,2,1980-S,,2022-04-24,2023-04-16,"Silla giratoria MOSCÚ, roja",stück,1.0,191.0,148.9,0.0,0.0,191.0,191.0,SILLA,Venta,,,
103048,10000,20000.0,2,1900-S,,2022-04-25,2023-04-16,"Silla inv. PARÍS, negra",Unidad,6.0,193.7,151.1,0.0,0.0,1162.2,1406.26,SILLA,Venta,,,
103049,10000,30000.0,2,1896-S,,2022-04-25,2023-04-16,ATHENS Desk,Piece,8.0,1005.8,784.6,0.0,0.0,8046.4,8046.4,MESA,Venta,,,
103049,20000,30000.0,2,1928-S,,2022-04-25,2023-04-16,Lámpara giratoria roja,Piece,10.0,55.2,43.1,0.0,0.0,552.0,552.0,VARIOS,Venta,,,
103049,30000,30000.0,2,1996-S,,2022-04-25,2023-04-16,"ATLANTA Whiteboard, base",Piece,4.0,1404.3,1095.3,0.0,0.0,5617.2,5617.2,VARIOS,Venta,,,
103050,10000,50000.0,2,1920-S,,2022-04-28,2023-04-16,Mesa de conferencia AMBERES,Unidad,3.0,651.1,508.0,0.0,0.0,1953.3,2363.49,ESCRITORIO,Venta,,,
103050,20000,50000.0,2,1988-S,,2022-04-28,2023-04-16,"Silla inv. SEUL, roja",Unidad,4.0,193.7,151.1,0.0,0.0,774.8,937.51,SILLA,Venta,,,
103051,10000,30000.0,2,1936-S,,2022-04-28,2023-04-16,"BERLIN Guest Chair, yellow",Piece,11.0,193.7,151.1,0.0,0.0,2130.7,2130.7,SILLA,Venta,,,
103051,20000,30000.0,2,1972-S,,2022-04-28,2023-04-16,"MUNICH Swivel Chair, yellow",Piece,7.0,191.0,148.9,0.0,0.0,1337.0,1337.0,SILLA,Venta,,,
103051,30000,30000.0,2,2000-S,,2022-04-28,2023-04-16,"SYDNEY Swivel Chair, green",Piece,8.0,191.0,148.9,0.0,0.0,1528.0,1528.0,SILLA,Venta,,,
103052,10000,30000.0,2,1960-S,,2022-05-02,2023-04-16,"ROME Guest Chair, green",Piece,2.0,193.7,151.1,0.0,0.0,387.4,387.4,SILLA,Venta,,,
103053,10000,20000.0,2,1928-S,,2022-05-18,2023-04-16,Lámpara ÁMSTERDAM,Unidad,3.0,55.2,43.1,0.0,0.0,165.6,200.38,VARIOS,Venta,,,
103054,10000,10000.0,2,1960-S,,2022-05-19,2023-04-16,"Silla inv. ROMA, verde",Unidad,4.0,193.7,151.1,0.0,0.0,774.8,937.51,SILLA,Venta,,,
103055,10000,30000.0,2,1988-S,,2022-05-20,2023-04-16,"SEOUL Guest Chair, red",Piece,2.0,193.7,151.1,0.0,0.0,387.4,387.4,SILLA,Venta,,,
103056,10000,50000.0,2,1968-S,,2022-05-21,2023-04-16,"Silla giratoria MÉXICO, negra",Unidad,2.0,191.0,148.9,0.0,0.0,382.0,462.22,SILLA,Venta,,,
103057,10000,40000.0,2,1960-S,,2022-05-22,2023-04-16,"Silla inv. ROMA, verde",stück,2.0,193.7,151.1,0.0,0.0,387.4,387.4,SILLA,Venta,,,
103058,10000,20000.0,2,1900-S,,2022-05-23,2023-04-16,"Silla inv. PARÍS, negra",Unidad,3.0,193.7,151.1,0.0,0.0,581.1,703.13,SILLA,Venta,,,
103058,20000,20000.0,2,1964-S,,2022-05-23,2023-04-16,"Silla inv. TOKIO, azul",Unidad,5.0,193.7,151.1,0.0,0.0,968.5,1171.89,SILLA,Venta,,,
103058,30000,20000.0,2,1980-S,,2022-05-23,2023-04-16,"Silla giratoria MOSCÚ, roja",Unidad,4.0,191.0,148.9,0.0,0.0,764.0,924.44,SILLA,Venta,,,
103059,10000,10000.0,2,1896-S,,2022-05-23,2023-04-16,Escritorio ATENAS,Unidad,8.0,1005.8,784.6,0.0,0.0,8046.4,9736.14,MESA,Venta,,,
103059,20000,10000.0,2,1972-S,,2022-05-23,2023-04-16,"Silla giratoria MUNICH, amar.",Unidad,3.0,191.0,148.9,0.0,0.0,573.0,693.33,SILLA,Venta,,,
103059,30000,10000.0,2,1996-S,,2022-05-23,2023-04-16,"Pizarra ATLANTA, base",Unidad,5.0,1404.3,1095.3,0.0,0.0,7021.5,8496.02,VARIOS,Venta,,,
103060,10000,50000.0,2,1906-S,,2022-05-25,2023-04-16,Pedestal móvil ATENAS,Unidad,6.0,435.8,339.9,0.0,0.0,2614.8,3163.91,ESCRITORIO,Venta,,,
103061,10000,30000.0,2,1928-S,,2022-05-26,2023-04-16,Lámpara giratoria roja,Piece,8.0,55.2,43.1,0.0,0.0,441.6,441.6,VARIOS,Venta,,,
103062,10000,40000.0,2,1908-S,,2022-05-26,2023-04-16,"Silla giratoria LONDRES, azul",stück,5.0,191.0,148.9,0.0,0.0,955.0,955.0,SILLA,Venta,,,
103062,20000,40000.0,2,1920-S,,2022-05-26,2023-04-16,Mesa de conferencia AMBERES,stück,4.0,651.1,508.0,0.0,0.0,2604.4,2604.4,ESCRITORIO,Venta,,,
103062,30000,40000.0,2,1968-S,,2022-05-26,2023-04-16,"Silla giratoria MÉXICO, negra",stück,6.0,191.0,148.9,0.0,0.0,1146.0,1146.0,SILLA,Venta,,,
103062,40000,40000.0,2,1980-S,,2022-05-26,2023-04-16,"Silla giratoria MOSCÚ, roja",stück,1.0,191.0,148.9,0.0,0.0,191.0,191.0,SILLA,Venta,,,
103063,10000,20000.0,2,1900-S,,2022-05-28,2023-04-16,"Silla inv. PARÍS, negra",Unidad,4.0,193.7,151.1,0.0,0.0,774.8,937.51,SILLA,Venta,,,
103064,10000,30000.0,2,1896-S,,2022-05-29,2023-04-16,ATHENS Desk,Piece,6.0,1005.8,784.6,0.0,0.0,6034.8,6034.8,MESA,Venta,,,
103064,20000,30000.0,2,1936-S,,2022-05-29,2023-04-16,"BERLIN Guest Chair, yellow",Piece,9.0,193.7,151.1,0.0,0.0,1743.3,1743.3,SILLA,Venta,,,
103064,30000,30000.0,2,1972-S,,2022-05-29,2023-04-16,"MUNICH Swivel Chair, yellow",Piece,6.0,191.0,148.9,0.0,0.0,1146.0,1146.0,SILLA,Venta,,,
103064,40000,30000.0,2,1996-S,,2022-05-29,2023-04-16,"ATLANTA Whiteboard, base",Piece,4.0,1404.3,1095.3,0.0,0.0,5617.2,5617.2,VARIOS,Venta,,,
103065,10000,50000.0,2,1920-S,,2022-05-31,2023-04-16,Mesa de conferencia AMBERES,Unidad,3.0,651.1,508.0,0.0,0.0,1953.3,2363.49,ESCRITORIO,Venta,,,
103065,20000,50000.0,2,1988-S,,2022-05-31,2023-04-16,"Silla inv. SEUL, roja",Unidad,4.0,193.7,151.1,0.0,0.0,774.8,937.51,SILLA,Venta,,,
103066,10000,30000.0,2,1960-S,,2022-06-01,2023-04-16,"ROME Guest Chair, green",Piece,2.0,193.7,151.1,0.0,0.0,387.4,387.4,SILLA,Venta,,,
103066,20000,30000.0,2,2000-S,,2022-06-01,2023-04-16,"SYDNEY Swivel Chair, green",Piece,7.0,191.0,148.9,0.0,0.0,1337.0,1337.0,SILLA,Venta,,,
103067,10000,20000.0,2,1928-S,,2022-06-17,2023-04-16,Lámpara ÁMSTERDAM,Unidad,3.0,55.2,43.1,0.0,0.0,165.6,200.38,VARIOS,Venta,,,
103068,10000,30000.0,2,1988-S,,2022-06-19,2023-04-16,"SEOUL Guest Chair, red",Piece,2.0,193.7,151.1,0.0,0.0,387.4,387.4,SILLA,Venta,,,
103069,10000,50000.0,2,1968-S,,2022-06-20,2023-04-16,"Silla giratoria MÉXICO, negra",Unidad,2.0,191.0,148.9,0.0,0.0,382.0,462.22,SILLA,Venta,,,
103070,10000,10000.0,2,1896-S,,2022-06-21,2023-04-16,Escritorio ATENAS,Unidad,8.0,1005.8,784.6,0.0,0.0,8046.4,9736.15,MESA,Venta,,,
103070,20000,10000.0,2,1960-S,,2022-06-21,2023-04-16,"Silla inv. ROMA, verde",Unidad,4.0,193.7,151.1,0.0,0.0,774.8,937.5,SILLA,Venta,,,
103070,30000,10000.0,2,1972-S,,2022-06-21,2023-04-16,"Silla giratoria MUNICH, amar.",Unidad,3.0,191.0,148.9,0.0,0.0,573.0,693.33,SILLA,Venta,,,
103070,40000,10000.0,2,1996-S,,2022-06-21,2023-04-16,"Pizarra ATLANTA, base",Unidad,5.0,1404.3,1095.3,0.0,0.0,7021.5,8496.02,VARIOS,Venta,,,
103071,10000,20000.0,2,1900-S,,2022-06-22,2023-04-16,"Silla inv. PARÍS, negra",Unidad,3.0,193.7,151.1,0.0,0.0,581.1,703.13,SILLA,Venta,,,
103071,20000,20000.0,2,1964-S,,2022-06-22,2023-04-16,"Silla inv. TOKIO, azul",Unidad,5.0,193.7,151.1,0.0,0.0,968.5,1171.89,SILLA,Venta,,,
103071,30000,20000.0,2,1980-S,,2022-06-22,2023-04-16,"Silla giratoria MOSCÚ, roja",Unidad,4.0,191.0,148.9,0.0,0.0,764.0,924.44,SILLA,Venta,,,
103072,10000,50000.0,2,1906-S,,2022-06-24,2023-04-16,Pedestal móvil ATENAS,Unidad,5.0,435.8,339.9,0.0,0.0,2179.0,2636.59,ESCRITORIO,Venta,,,
103073,10000,40000.0,2,1908-S,,2022-06-24,2023-04-16,"Silla giratoria LONDRES, azul",stück,5.0,191.0,148.9,0.0,0.0,955.0,955.0,SILLA,Venta,,,
103073,20000,40000.0,2,1920-S,,2022-06-24,2023-04-16,Mesa de conferencia AMBERES,stück,3.0,651.1,508.0,0.0,0.0,1953.3,1953.3,ESCRITORIO,Venta,,,
103073,30000,40000.0,2,1960-S,,2022-06-24,2023-04-16,"Silla inv. ROMA, verde",stück,2.0,193.7,151.1,0.0,0.0,387.4,387.4,SILLA,Venta,,,
103073,40000,40000.0,2,1968-S,,2022-06-24,2023-04-16,"Silla giratoria MÉXICO, negra",stück,6.0,191.0,148.9,0.0,0.0,1146.0,1146.0,SILLA,Venta,,,
103073,50000,40000.0,2,1980-S,,2022-06-24,2023-04-16,"Silla giratoria MOSCÚ, roja",stück,1.0,191.0,148.9,0.0,0.0,191.0,191.0,SILLA,Venta,,,
103074,10000,20000.0,2,1900-S,,2022-06-25,2023-04-16,"Silla inv. PARÍS, negra",Unidad,4.0,193.7,151.1,0.0,0.0,774.8,937.51,SILLA,Venta,,,
103075,10000,30000.0,2,1896-S,,2022-06-25,2023-04-16,ATHENS Desk,Piece,7.0,1005.8,784.6,0.0,0.0,7040.6,7040.6,MESA,Venta,,,
103075,20000,30000.0,2,1928-S,,2022-06-25,2023-04-16,Lámpara giratoria roja,Piece,10.0,55.2,43.1,0.0,0.0,552.0,552.0,VARIOS,Venta,,,
103075,30000,30000.0,2,1996-S,,2022-06-25,2023-04-16,"ATLANTA Whiteboard, base",Piece,4.0,1404.3,1095.3,0.0,0.0,5617.2,5617.2,VARIOS,Venta,,,
103076,10000,50000.0,2,1920-S,,2022-06-28,2023-04-16,Mesa de conferencia AMBERES,Unidad,2.0,651.1,508.0,0.0,0.0,1302.2,1575.66,ESCRITORIO,Venta,,,
103076,20000,50000.0,2,1988-S,,2022-06-28,2023-04-16,"Silla inv. SEUL, roja",Unidad,4.0,193.7,151.1,0.0,0.0,774.8,937.51,SILLA,Venta,,,
103077,10000,30000.0,2,1936-S,,2022-06-28,2023-04-16,"BERLIN Guest Chair, yellow",Piece,10.0,193.7,151.1,0.0,0.0,1937.0,1937.0,SILLA,Venta,,,
103077,20000,30000.0,2,1972-S,,2022-06-28,2023-04-16,"MUNICH Swivel Chair, yellow",Piece,7.0,191.0,148.9,0.0,0.0,1337.0,1337.0,SILLA,Venta,,,
103077,30000,30000.0,2,2000-S,,2022-06-28,2023-04-16,"SYDNEY Swivel Chair, green",Piece,7.0,191.0,148.9,0.0,0.0,1337.0,1337.0,SILLA,Venta,,,
103078,10000,30000.0,2,1960-S,,2022-07-02,2023-04-16,"ROME Guest Chair, green",Piece,2.0,193.7,151.1,0.0,0.0,387.4,387.4,SILLA,Venta,,,
103079,10000,20000.0,2,1928-S,,2022-07-18,2023-04-16,Lámpara ÁMSTERDAM,Unidad,3.0,55.2,43.1,0.0,0.0,165.6,200.38,VARIOS,Venta,,,
103080,10000,10000.0,2,1960-S,,2022-07-19,2023-04-16,"Silla inv. ROMA, verde",Unidad,4.0,193.7,151.1,0.0,0.0,774.8,937.51,SILLA,Venta,,,
103081,10000,30000.0,2,1988-S,,2022-07-20,2023-04-16,"SEOUL Guest Chair, red",Piece,1.0,193.7,151.1,0.0,0.0,193.7,193.7,SILLA,Venta,,,
103082,10000,50000.0,2,1968-S,,2022-07-21,2023-04-16,"Silla giratoria MÉXICO, negra",Unidad,2.0,191.0,148.9,0.0,0.0,382.0,462.22,SILLA,Venta,,,
103083,10000,40000.0,2,1960-S,,2022-07-22,2023-04-16,"Silla inv. ROMA, verde",stück,2.0,193.7,151.1,0.0,0.0,387.4,387.4,SILLA,Venta,,,
103084,10000,20000.0,2,1900-S,,2022-07-23,2023-04-16,"Silla inv. PARÍS, negra",Unidad,4.0,193.7,151.1,0.0,0.0,774.8,937.51,SILLA,Venta,,,
103084,20000,20000.0,2,1964-S,,2022-07-23,2023-04-16,"Silla inv. TOKIO, azul",Unidad,4.0,193.7,151.1,0.0,0.0,774.8,937.51,SILLA,Venta,,,
103084,30000,20000.0,2,1980-S,,2022-07-23,2023-04-16,"Silla giratoria MOSCÚ, roja",Unidad,3.0,191.0,148.9,0.0,0.0,573.0,693.33,SILLA,Venta,,,
103085,10000,10000.0,2,1896-S,,2022-07-23,2023-04-16,Escritorio ATENAS,Unidad,6.0,1005.8,784.6,0.0,0.0,6034.8,7302.11,MESA,Venta,,,
103085,20000,10000.0,2,1972-S,,2022-07-23,2023-04-16,"Silla giratoria MUNICH, amar.",Unidad,2.0,191.0,148.9,0.0,0.0,382.0,462.22,SILLA,Venta,,,
103085,30000,10000.0,2,1996-S,,2022-07-23,2023-04-16,"Pizarra ATLANTA, base",Unidad,4.0,1404.3,1095.3,0.0,0.0,5617.2,6796.81,VARIOS,Venta,,,
103086,10000,50000.0,2,1906-S,,2022-07-25,2023-04-16,Pedestal móvil ATENAS,Unidad,7.0,435.8,339.9,0.0,0.0,3050.6,3691.23,ESCRITORIO,Venta,,,
103087,10000,30000.0,2,1928-S,,2022-07-26,2023-04-16,Lámpara giratoria roja,Piece,8.0,55.2,43.1,0.0,0.0,441.6,441.6,VARIOS,Venta,,,
103088,10000,40000.0,2,1908-S,,2022-07-26,2023-04-16,"Silla giratoria LONDRES, azul",stück,4.0,191.0,148.9,0.0,0.0,764.0,764.0,SILLA,Venta,,,
103088,20000,40000.0,2,1920-S,,2022-07-26,2023-04-16,Mesa de conferencia AMBERES,stück,3.0,651.1,508.0,0.0,0.0,1953.3,1953.3,ESCRITORIO,Venta,,,
103088,30000,40000.0,2,1968-S,,2022-07-26,2023-04-16,"Silla giratoria MÉXICO, negra",stück,5.0,191.0,148.9,0.0,0.0,955.0,955.0,SILLA,Venta,,,
103088,40000,40000.0,2,1980-S,,2022-07-26,2023-04-16,"Silla giratoria MOSCÚ, roja",stück,1.0,191.0,148.9,0.0,0.0,191.0,191.0,SILLA,Venta,,,
103089,10000,20000.0,2,1900-S,,2022-07-28,2023-04-16,"Silla inv. PARÍS, negra",Unidad,4.0,193.7,151.1,0.0,0.0,774.8,937.51,SILLA,Venta,,,
103090,10000,30000.0,2,1896-S,,2022-07-29,2023-04-16,ATHENS Desk,Piece,4.0,1005.8,784.6,0.0,0.0,4023.2,4023.2,MESA,Venta,,,
103090,20000,30000.0,2,1936-S,,2022-07-29,2023-04-16,"BERLIN Guest Chair, yellow",Piece,8.0,193.7,151.1,0.0,0.0,1549.6,1549.6,SILLA,Venta,,,
103090,30000,30000.0,2,1972-S,,2022-07-29,2023-04-16,"MUNICH Swivel Chair, yellow",Piece,4.0,191.0,148.9,0.0,0.0,764.0,764.0,SILLA,Venta,,,
103090,40000,30000.0,2,1996-S,,2022-07-29,2023-04-16,"ATLANTA Whiteboard, base",Piece,3.0,1404.3,1095.3,0.0,0.0,4212.9,4212.9,VARIOS,Venta,,,
103091,10000,50000.0,2,1920-S,,2022-07-31,2023-04-16,Mesa de conferencia AMBERES,Unidad,2.0,651.1,508.0,0.0,0.0,1302.2,1575.67,ESCRITORIO,Venta,,,
103091,20000,50000.0,2,1988-S,,2022-07-31,2023-04-16,"Silla inv. SEUL, roja",Unidad,2.0,193.7,151.1,0.0,0.0,387.4,468.75,SILLA,Venta,,,
103092,10000,30000.0,2,1960-S,,2022-08-01,2023-04-16,"ROME Guest Chair, green",Piece,1.0,193.7,151.1,0.0,0.0,193.7,193.7,SILLA,Venta,,,
103092,20000,30000.0,2,2000-S,,2022-08-01,2023-04-16,"SYDNEY Swivel Chair, green",Piece,5.0,191.0,148.9,0.0,0.0,955.0,955.0,SILLA,Venta,,,
103093,10000,20000.0,2,1928-S,,2022-08-18,2023-04-16,Lámpara ÁMSTERDAM,Unidad,3.0,55.2,43.1,0.0,0.0,165.6,200.38,VARIOS,Venta,,,
103094,10000,10000.0,2,1960-S,,2022-08-19,2023-04-16,"Silla inv. ROMA, verde",Unidad,4.0,193.7,151.1,0.0,0.0,774.8,937.51,SILLA,Venta,,,
103095,10000,30000.0,2,1988-S,,2022-08-20,2023-04-16,"SEOUL Guest Chair, red",Piece,1.0,193.7,151.1,0.0,0.0,193.7,193.7,SILLA,Venta,,,
103096,10000,50000.0,2,1968-S,,2022-08-21,2023-04-16,"Silla giratoria MÉXICO, negra",Unidad,2.0,191.0,148.9,0.0,0.0,382.0,462.22,SILLA,Venta,,,
103097,10000,40000.0,2,1960-S,,2022-08-22,2023-04-16,"Silla inv. ROMA, verde",stück,2.0,193.7,151.1,0.0,0.0,387.4,387.4,SILLA,Venta,,,
103098,10000,20000.0,2,1900-S,,2022-08-23,2023-04-16,"Silla inv. PARÍS, negra",Unidad,4.0,193.7,151.1,0.0,0.0,774.8,937.51,SILLA,Venta,,,
103098,20000,20000.0,2,1964-S,,2022-08-23,2023-04-16,"Silla inv. TOKIO, azul",Unidad,6.0,193.7,151.1,0.0,0.0,1162.2,1406.26,SILLA,Venta,,,
103098,30000,20000.0,2,1980-S,,2022-08-23,2023-04-16,"Silla giratoria MOSCÚ, roja",Unidad,3.0,191.0,148.9,0.0,0.0,573.0,693.33,SILLA,Venta,,,
103099,10000,10000.0,2,1896-S,,2022-08-23,2023-04-16,Escritorio ATENAS,Unidad,6.0,1005.8,784.6,0.0,0.0,6034.8,7302.11,MESA,Venta,,,
103099,20000,10000.0,2,1972-S,,2022-08-23,2023-04-16,"Silla giratoria MUNICH, amar.",Unidad,2.0,191.0,148.9,0.0,0.0,382.0,462.22,SILLA,Venta,,,
103099,30000,10000.0,2,1996-S,,2022-08-23,2023-04-16,"Pizarra ATLANTA, base",Unidad,5.0,1404.3,1095.3,0.0,0.0,7021.5,8496.01,VARIOS,Venta,,,
103100,10000,50000.0,2,1906-S,,2022-08-25,2023-04-16,Pedestal móvil ATENAS,Unidad,7.0,435.8,339.9,0.0,0.0,3050.6,3691.23,ESCRITORIO,Venta,,,
103101,10000,30000.0,2,1928-S,,2022-08-26,2023-04-16,Lámpara giratoria roja,Piece,7.0,55.2,43.1,0.0,0.0,386.4,386.4,VARIOS,Venta,,,
103102,10000,40000.0,2,1908-S,,2022-08-26,2023-04-16,"Silla giratoria LONDRES, azul",stück,6.0,191.0,148.9,0.0,0.0,1146.0,1146.0,SILLA,Venta,,,
103102,20000,40000.0,2,1920-S,,2022-08-26,2023-04-16,Mesa de conferencia AMBERES,stück,3.0,651.1,508.0,0.0,0.0,1953.3,1953.3,ESCRITORIO,Venta,,,
103102,30000,40000.0,2,1968-S,,2022-08-26,2023-04-16,"Silla giratoria MÉXICO, negra",stück,6.0,191.0,148.9,0.0,0.0,1146.0,1146.0,SILLA,Venta,,,
103102,40000,40000.0,2,1980-S,,2022-08-26,2023-04-16,"Silla giratoria MOSCÚ, roja",stück,1.0,191.0,148.9,0.0,0.0,191.0,191.0,SILLA,Venta,,,
103103,10000,20000.0,2,1900-S,,2022-08-28,2023-04-16,"Silla inv. PARÍS, negra",Unidad,4.0,193.7,151.1,0.0,0.0,774.8,937.51,SILLA,Venta,,,
103104,10000,30000.0,2,1896-S,,2022-08-29,2023-04-16,ATHENS Desk,Piece,5.0,1005.8,784.6,0.0,0.0,5029.0,5029.0,MESA,Venta,,,
103104,20000,30000.0,2,1936-S,,2022-08-29,2023-04-16,"BERLIN Guest Chair, yellow",Piece,9.0,193.7,151.1,0.0,0.0,1743.3,1743.3,SILLA,Venta,,,
103104,30000,30000.0,2,1972-S,,2022-08-29,2023-04-16,"MUNICH Swivel Chair, yellow",Piece,4.0,191.0,148.9,0.0,0.0,764.0,764.0,SILLA,Venta,,,
103104,40000,30000.0,2,1996-S,,2022-08-29,2023-04-16,"ATLANTA Whiteboard, base",Piece,4.0,1404.3,1095.3,0.0,0.0,5617.2,5617.2,VARIOS,Venta,,,
103105,10000,50000.0,2,1920-S,,2022-08-31,2023-04-16,Mesa de conferencia AMBERES,Unidad,3.0,651.1,508.0,0.0,0.0,1953.3,2363.49,ESCRITORIO,Venta,,,
103105,20000,50000.0,2,1988-S,,2022-08-31,2023-04-16,"Silla inv. SEUL, roja",Unidad,3.0,193.7,151.1,0.0,0.0,581.1,703.13,SILLA,Venta,,,
103106,10000,30000.0,2,1960-S,,2022-09-01,2023-04-16,"ROME Guest Chair, green",Piece,1.0,193.7,151.1,0.0,0.0,193.7,193.7,SILLA,Venta,,,
103106,20000,30000.0,2,2000-S,,2022-09-01,2023-04-16,"SYDNEY Swivel Chair, green",Piece,7.0,191.0,148.9,0.0,0.0,1337.0,1337.0,SILLA,Venta,,,
103107,10000,20000.0,2,1928-S,,2022-09-17,2023-04-16,Lámpara ÁMSTERDAM,Unidad,2.0,55.2,43.1,0.0,0.0,110.4,133.58,VARIOS,Venta,,,
103108,10000,30000.0,2,1988-S,,2022-09-19,2023-04-16,"SEOUL Guest Chair, red",Piece,1.0,193.7,151.1,0.0,0.0,193.7,193.7,SILLA,Venta,,,
103109,10000,50000.0,2,1968-S,,2022-09-20,2023-04-16,"Silla giratoria MÉXICO, negra",Unidad,1.0,191.0,148.9,0.0,0.0,191.0,231.11,SILLA,Venta,,,
103110,10000,10000.0,2,1896-S,,2022-09-21,2023-04-16,Escritorio ATENAS,Unidad,5.0,1005.8,784.6,0.0,0.0,5029.0,6085.09,MESA,Venta,,,
103110,20000,10000.0,2,1960-S,,2022-09-21,2023-04-16,"Silla inv. ROMA, verde",Unidad,3.0,193.7,151.1,0.0,0.0,581.1,703.13,SILLA,Venta,,,
103110,30000,10000.0,2,1972-S,,2022-09-21,2023-04-16,"Silla giratoria MUNICH, amar.",Unidad,2.0,191.0,148.9,0.0,0.0,382.0,462.22,SILLA,Venta,,,
103110,40000,10000.0,2,1996-S,,2022-09-21,2023-04-16,"Pizarra ATLANTA, base",Unidad,4.0,1404.3,1095.3,0.0,0.0,5617.2,6796.81,VARIOS,Venta,,,
103111,10000,20000.0,2,1900-S,,2022-09-22,2023-04-16,"Silla inv. PARÍS, negra",Unidad,2.0,193.7,151.1,0.0,0.0,387.4,468.75,SILLA,Venta,,,
103111,20000,20000.0,2,1964-S,,2022-09-22,2023-04-16,"Silla inv. TOKIO, azul",Unidad,4.0,193.7,151.1,0.0,0.0,774.8,937.51,SILLA,Venta,,,
103111,30000,20000.0,2,1980-S,,2022-09-22,2023-04-16,"Silla giratoria MOSCÚ, roja",Unidad,2.0,191.0,148.9,0.0,0.0,382.0,462.22,SILLA,Venta,,,
103112,10000,50000.0,2,1906-S,,2022-09-24,2023-04-16,Pedestal móvil ATENAS,Unidad,3.0,435.8,339.9,0.0,0.0,1307.4,1581.95,ESCRITORIO,Venta,,,
103113,10000,40000.0,2,1908-S,,2022-09-24,2023-04-16,"Silla giratoria LONDRES, azul",stück,4.0,191.0,148.9,0.0,0.0,764.0,764.0,SILLA,Venta,,,
103113,20000,40000.0,2,1920-S,,2022-09-24,2023-04-16,Mesa de conferencia AMBERES,stück,2.0,651.1,508.0,0.0,0.0,1302.2,1302.2,ESCRITORIO,Venta,,,
103113,30000,40000.0,2,1960-S,,2022-09-24,2023-04-16,"Silla inv. ROMA, verde",stück,1.0,193.7,151.1,0.0,0.0,193.7,193.7,SILLA,Venta,,,
103113,40000,40000.0,2,1968-S,,2022-09-24,2023-04-16,"Silla giratoria MÉXICO, negra",stück,4.0,191.0,148.9,0.0,0.0,764.0,764.0,SILLA,Venta,,,
103113,50000,40000.0,2,1980-S,,2022-09-24,2023-04-16,"Silla giratoria MOSCÚ, roja",stück,1.0,191.0,148.9,0.0,0.0,191.0,191.0,SILLA,Venta,,,
103114,10000,20000.0,2,1900-S,,2022-09-25,2023-04-16,"Silla inv. PARÍS, negra",Unidad,2.0,193.7,151.1,0.0,0.0,387.4,468.75,SILLA,Venta,,,
103115,10000,30000.0,2,1896-S,,2022-09-25,2023-04-16,ATHENS Desk,Piece,4.0,1005.8,784.6,0.0,0.0,4023.2,4023.2,MESA,Venta,,,
103115,20000,30000.0,2,1928-S,,2022-09-25,2023-04-16,Lámpara giratoria roja,Piece,7.0,55.2,43.1,0.0,0.0,386.4,386.4,VARIOS,Venta,,,
103115,30000,30000.0,2,1996-S,,2022-09-25,2023-04-16,"ATLANTA Whiteboard, base",Piece,3.0,1404.3,1095.3,0.0,0.0,4212.9,4212.9,VARIOS,Venta,,,
103116,10000,50000.0,2,1920-S,,2022-09-28,2023-04-16,Mesa de conferencia AMBERES,Unidad,2.0,651.1,508.0,0.0,0.0,1302.2,1575.66,ESCRITORIO,Venta,,,
103116,20000,50000.0,2,1988-S,,2022-09-28,2023-04-16,"Silla inv. SEUL, roja",Unidad,3.0,193.7,151.1,0.0,0.0,581.1,703.13,SILLA,Venta,,,
103117,10000,30000.0,2,1936-S,,2022-09-28,2023-04-16,"BERLIN Guest Chair, yellow",Piece,7.0,193.7,151.1,0.0,0.0,1355.9,1355.9,SILLA,Venta,,,
103117,20000,30000.0,2,1972-S,,2022-09-28,2023-04-16,"MUNICH Swivel Chair, yellow",Piece,3.0,191.0,148.9,0.0,0.0,573.0,573.0,SILLA,Venta,,,
103117,30000,30000.0,2,2000-S,,2022-09-28,2023-04-16,"SYDNEY Swivel Chair, green",Piece,5.0,191.0,148.9,0.0,0.0,955.0,955.0,SILLA,Venta,,,
103118,10000,30000.0,2,1960-S,,2022-10-02,2023-04-16,"ROME Guest Chair, green",Piece,1.0,193.7,151.1,0.0,0.0,193.7,193.7,SILLA,Venta,,,
103119,10000,20000.0,2,1928-S,,2022-10-18,2023-04-16,Lámpara ÁMSTERDAM,Unidad,3.0,55.2,43.1,0.0,0.0,165.6,200.38,VARIOS,Venta,,,
103120,10000,10000.0,2,1960-S,,2022-10-19,2023-04-16,"Silla inv. ROMA, verde",Unidad,3.0,193.7,151.1,0.0,0.0,581.1,703.13,SILLA,Venta,,,
103121,10000,30000.0,2,1988-S,,2022-10-20,2023-04-16,"SEOUL Guest Chair, red",Piece,1.0,193.7,151.1,0.0,0.0,193.7,193.7,SILLA,Venta,,,
103122,10000,50000.0,2,1968-S,,2022-10-21,2023-04-16,"Silla giratoria MÉXICO, negra",Unidad,2.0,191.0,148.9,0.0,0.0,382.0,462.22,SILLA,Venta,,,
103123,10000,40000.0,2,1960-S,,2022-10-22,2023-04-16,"Silla inv. ROMA, verde",stück,2.0,193.7,151.1,0.0,0.0,387.4,387.4,SILLA,Venta,,,
103124,10000,20000.0,2,1900-S,,2022-10-23,2023-04-16,"Silla inv. PARÍS, negra",Unidad,3.0,193.7,151.1,0.0,0.0,581.1,703.13,SILLA,Venta,,,
103124,20000,20000.0,2,1964-S,,2022-10-23,2023-04-16,"Silla inv. TOKIO, azul",Unidad,4.0,193.7,151.1,0.0,0.0,774.8,937.51,SILLA,Venta,,,
103124,30000,20000.0,2,1980-S,,2022-10-23,2023-04-16,"Silla giratoria MOSCÚ, roja",Unidad,2.0,191.0,148.9,0.0,0.0,382.0,462.22,SILLA,Venta,,,
103125,10000,10000.0,2,1896-S,,2022-10-23,2023-04-16,Escritorio ATENAS,Unidad,5.0,1005.8,784.6,0.0,0.0,5029.0,6085.09,MESA,Venta,,,
103125,20000,10000.0,2,1972-S,,2022-10-23,2023-04-16,"Silla giratoria MUNICH, amar.",Unidad,2.0,191.0,148.9,0.0,0.0,382.0,462.22,SILLA,Venta,,,
103125,30000,10000.0,2,1996-S,,2022-10-23,2023-04-16,"Pizarra ATLANTA, base",Unidad,4.0,1404.3,1095.3,0.0,0.0,5617.2,6796.81,VARIOS,Venta,,,
103126,10000,50000.0,2,1906-S,,2022-10-25,2023-04-16,Pedestal móvil ATENAS,Unidad,10.0,435.8,339.9,0.0,0.0,4358.0,5273.18,ESCRITORIO,Venta,,,
103127,10000,30000.0,2,1928-S,,2022-10-26,2023-04-16,Lámpara giratoria roja,Piece,7.0,55.2,43.1,0.0,0.0,386.4,386.4,VARIOS,Venta,,,
103128,10000,40000.0,2,1908-S,,2022-10-26,2023-04-16,"Silla giratoria LONDRES, azul",stück,4.0,191.0,148.9,0.0,0.0,764.0,764.0,SILLA,Venta,,,
103128,20000,40000.0,2,1920-S,,2022-10-26,2023-04-16,Mesa de conferencia AMBERES,stück,2.0,651.1,508.0,0.0,0.0,1302.2,1302.2,ESCRITORIO,Venta,,,
103128,30000,40000.0,2,1968-S,,2022-10-26,2023-04-16,"Silla giratoria MÉXICO, negra",stück,7.0,191.0,148.9,0.0,0.0,1337.0,1337.0,SILLA,Venta,,,
103128,40000,40000.0,2,1980-S,,2022-10-26,2023-04-16,"Silla giratoria MOSCÚ, roja",stück,1.0,191.0,148.9,0.0,0.0,191.0,191.0,SILLA,Venta,,,
103129,10000,20000.0,2,1900-S,,2022-10-28,2023-04-16,"Silla inv. PARÍS, negra",Unidad,3.0,193.7,151.1,0.0,0.0,581.1,703.13,SILLA,Venta,,,
103130,10000,30000.0,2,1896-S,,2022-10-29,2023-04-16,ATHENS Desk,Piece,4.0,1005.8,784.6,0.0,0.0,4023.2,4023.2,MESA,Venta,,,
103130,20000,30000.0,2,1936-S,,2022-10-29,2023-04-16,"BERLIN Guest Chair, yellow",Piece,9.0,193.7,151.1,0.0,0.0,1743.3,1743.3,SILLA,Venta,,,
103130,30000,30000.0,2,1972-S,,2022-10-29,2023-04-16,"MUNICH Swivel Chair, yellow",Piece,5.0,191.0,148.9,0.0,0.0,955.0,955.0,SILLA,Venta,,,
103130,40000,30000.0,2,1996-S,,2022-10-29,2023-04-16,"ATLANTA Whiteboard, base",Piece,3.0,1404.3,1095.3,0.0,0.0,4212.9,4212.9,VARIOS,Venta,,,
103131,10000,50000.0,2,1920-S,,2022-10-31,2023-04-16,Mesa de conferencia AMBERES,Unidad,2.0,651.1,508.0,0.0,0.0,1302.2,1575.66,ESCRITORIO,Venta,,,
103131,20000,50000.0,2,1988-S,,2022-10-31,2023-04-16,"Silla inv. SEUL, roja",Unidad,4.0,193.7,151.1,0.0,0.0,774.8,937.51,SILLA,Venta,,,
103132,10000,30000.0,2,1960-S,,2022-11-01,2023-04-16,"ROME Guest Chair, green",Piece,1.0,193.7,151.1,0.0,0.0,193.7,193.7,SILLA,Venta,,,
103132,20000,30000.0,2,2000-S,,2022-11-01,2023-04-16,"SYDNEY Swivel Chair, green",Piece,6.0,191.0,148.9,0.0,0.0,1146.0,1146.0,SILLA,Venta,,,
103133,10000,20000.0,2,1928-S,,2022-11-17,2023-04-16,Lámpara ÁMSTERDAM,Unidad,2.0,55.2,43.1,0.0,0.0,110.4,133.58,VARIOS,Venta,,,
103134,10000,30000.0,2,1988-S,,2022-11-19,2023-04-16,"SEOUL Guest Chair, red",Piece,1.0,193.7,151.1,0.0,0.0,193.7,193.7,SILLA,Venta,,,
103135,10000,50000.0,2,1968-S,,2022-11-20,2023-04-16,"Silla giratoria MÉXICO, negra",Unidad,2.0,191.0,148.9,0.0,0.0,382.0,462.22,SILLA,Venta,,,
103136,10000,10000.0,2,1896-S,,2022-11-21,2023-04-16,Escritorio ATENAS,Unidad,4.0,1005.8,784.6,0.0,0.0,4023.2,4868.07,MESA,Venta,,,
103136,20000,10000.0,2,1960-S,,2022-11-21,2023-04-16,"Silla inv. ROMA, verde",Unidad,3.0,193.7,151.1,0.0,0.0,581.1,703.14,SILLA,Venta,,,
103136,30000,10000.0,2,1972-S,,2022-11-21,2023-04-16,"Silla giratoria MUNICH, amar.",Unidad,2.0,191.0,148.9,0.0,0.0,382.0,462.22,SILLA,Venta,,,
103136,40000,10000.0,2,1996-S,,2022-11-21,2023-04-16,"Pizarra ATLANTA, base",Unidad,4.0,1404.3,1095.3,0.0,0.0,5617.2,6796.81,VARIOS,Venta,,,
103137,10000,20000.0,2,1900-S,,2022-11-22,2023-04-16,"Silla inv. PARÍS, negra",Unidad,3.0,193.7,151.1,0.0,0.0,581.1,703.13,SILLA,Venta,,,
103137,20000,20000.0,2,1964-S,,2022-11-22,2023-04-16,"Silla inv. TOKIO, azul",Unidad,4.0,193.7,151.1,0.0,0.0,774.8,937.51,SILLA,Venta,,,
103137,30000,20000.0,2,1980-S,,2022-11-22,2023-04-16,"Silla giratoria MOSCÚ, roja",Unidad,2.0,191.0,148.9,0.0,0.0,382.0,462.22,SILLA,Venta,,,
103138,10000,50000.0,2,1906-S,,2022-11-24,2023-04-16,Pedestal móvil ATENAS,Unidad,6.0,435.8,339.9,0.0,0.0,2614.8,3163.91,ESCRITORIO,Venta,,,
103139,10000,40000.0,2,1908-S,,2022-11-24,2023-04-16,"Silla giratoria LONDRES, azul",stück,4.0,191.0,148.9,0.0,0.0,764.0,764.0,SILLA,Venta,,,
103139,20000,40000.0,2,1920-S,,2022-11-24,2023-04-16,Mesa de conferencia AMBERES,stück,2.0,651.1,508.0,0.0,0.0,1302.2,1302.2,ESCRITORIO,Venta,,,
103139,30000,40000.0,2,1960-S,,2022-11-24,2023-04-16,"Silla inv. ROMA, verde",stück,2.0,193.7,151.1,0.0,0.0,387.4,387.4,SILLA,Venta,,,
103139,40000,40000.0,2,1968-S,,2022-11-24,2023-04-16,"Silla giratoria MÉXICO, negra",stück,4.0,191.0,148.9,0.0,0.0,764.0,764.0,SILLA,Venta,,,
103139,50000,40000.0,2,1980-S,,2022-11-24,2023-04-16,"Silla giratoria MOSCÚ, roja",stück,1.0,191.0,148.9,0.0,0.0,191.0,191.0,SILLA,Venta,,,
103140,10000,20000.0,2,1900-S,,2022-11-25,2023-04-16,"Silla inv. PARÍS, negra",Unidad,4.0,193.7,151.1,0.0,0.0,774.8,937.51,SILLA,Venta,,,
103141,10000,30000.0,2,1896-S,,2022-11-25,2023-04-16,ATHENS Desk,Piece,4.0,1005.8,784.6,0.0,0.0,4023.2,4023.2,MESA,Venta,,,
103141,20000,30000.0,2,1928-S,,2022-11-25,2023-04-16,Lámpara giratoria roja,Piece,7.0,55.2,43.1,0.0,0.0,386.4,386.4,VARIOS,Venta,,,
103141,30000,30000.0,2,1996-S,,2022-11-25,2023-04-16,"ATLANTA Whiteboard, base",Piece,2.0,1404.3,1095.3,0.0,0.0,2808.6,2808.6,VARIOS,Venta,,,
103142,10000,50000.0,2,1920-S,,2022-11-28,2023-04-16,Mesa de conferencia AMBERES,Unidad,2.0,651.1,508.0,0.0,0.0,1302.2,1575.66,ESCRITORIO,Venta,,,
103142,20000,50000.0,2,1988-S,,2022-11-28,2023-04-16,"Silla inv. SEUL, roja",Unidad,4.0,193.7,151.1,0.0,0.0,774.8,937.51,SILLA,Venta,,,
103143,10000,30000.0,2,1936-S,,2022-11-28,2023-04-16,"BERLIN Guest Chair, yellow",Piece,7.0,193.7,151.1,0.0,0.0,1355.9,1355.9,SILLA,Venta,,,
103143,20000,30000.0,2,1972-S,,2022-11-28,2023-04-16,"MUNICH Swivel Chair, yellow",Piece,3.0,191.0,148.9,0.0,0.0,573.0,573.0,SILLA,Venta,,,
103143,30000,30000.0,2,2000-S,,2022-11-28,2023-04-16,"SYDNEY Swivel Chair, green",Piece,5.0,191.0,148.9,0.0,0.0,955.0,955.0,SILLA,Venta,,,
103144,10000,30000.0,2,1960-S,,2022-12-02,2023-04-16,"ROME Guest Chair, green",Piece,1.0,193.7,151.1,0.0,0.0,193.7,193.7,SILLA,Venta,,,
103145,10000,20000.0,2,1928-S,,2022-12-18,2023-04-16,Lámpara ÁMSTERDAM,Unidad,2.0,55.2,43.1,0.0,0.0,110.4,133.58,VARIOS,Venta,,,
103145,20000,20000.0,2,1988-S,,2022-12-18,2023-04-16,"Silla inv. SEUL, roja",Unidad,1.0,193.7,151.1,0.0,0.0,193.7,234.38,SILLA,Venta,,,
103146,10000,10000.0,2,1960-S,,2022-12-19,2023-04-16,"Silla inv. ROMA, verde",Unidad,2.0,193.7,151.1,0.0,0.0,387.4,468.75,SILLA,Venta,,,
103147,10000,50000.0,2,1968-S,,2022-12-21,2023-04-16,"Silla giratoria MÉXICO, negra",Unidad,1.0,191.0,148.9,0.0,0.0,191.0,231.11,SILLA,Venta,,,
103148,10000,10000.0,2,1896-S,,2022-12-22,2023-04-16,Escritorio ATENAS,Unidad,3.0,1005.8,784.6,0.0,0.0,3017.4,3651.05,MESA,Venta,,,
103148,20000,10000.0,2,1972-S,,2022-12-22,2023-04-16,"Silla giratoria MUNICH, amar.",Unidad,1.0,191.0,148.9,0.0,0.0,191.0,231.11,SILLA,Venta,,,
103149,10000,20000.0,2,1900-S,,2022-12-23,2023-04-16,"Silla inv. PARÍS, negra",Unidad,1.0,193.7,151.1,0.0,0.0,193.7,234.38,SILLA,Venta,,,
103149,20000,20000.0,2,1964-S,,2022-12-23,2023-04-16,"Silla inv. TOKIO, azul",Unidad,2.0,193.7,151.1,0.0,0.0,387.4,468.75,SILLA,Venta,,,
103150,10000,40000.0,2,1960-S,,2022-12-23,2023-04-16,"Silla inv. ROMA, verde",stück,1.0,193.7,151.1,0.0,0.0,193.7,193.7,SILLA,Venta,,,
103150,20000,40000.0,2,1996-S,,2022-12-23,2023-04-16,"Pizarra ATLANTA, base",stück,2.0,1404.3,1095.3,0.0,0.0,2808.6,2808.6,VARIOS,Venta,,,
103151,10000,50000.0,2,1906-S,,2022-12-25,2023-04-16,Pedestal móvil ATENAS,Unidad,2.0,435.8,339.9,0.0,0.0,871.6,1054.64,ESCRITORIO,Venta,,,
103152,10000,30000.0,2,1928-S,,2022-12-26,2023-04-16,Lámpara giratoria roja,Piece,4.0,55.2,43.1,0.0,0.0,220.8,220.8,VARIOS,Venta,,,
103153,10000,40000.0,2,1908-S,,2022-12-26,2023-04-16,"Silla giratoria LONDRES, azul",stück,3.0,191.0,148.9,0.0,0.0,573.0,573.0,SILLA,Venta,,,
103153,20000,40000.0,2,1920-S,,2022-12-26,2023-04-16,Mesa de conferencia AMBERES,stück,1.0,651.1,508.0,0.0,0.0,651.1,651.1,ESCRITORIO,Venta,,,
103153,30000,40000.0,2,1968-S,,2022-12-26,2023-04-16,"Silla giratoria MÉXICO, negra",stück,3.0,191.0,148.9,0.0,0.0,573.0,573.0,SILLA,Venta,,,
103154,10000,50000.0,2,1920-S,,2022-12-29,2023-04-16,Mesa de conferencia AMBERES,Unidad,1.0,651.1,508.0,0.0,0.0,651.1,787.83,ESCRITORIO,Venta,,,
103155,10000,30000.0,2,1896-S,,2022-12-29,2023-04-16,ATHENS Desk,Piece,3.0,1005.8,784.6,0.0,0.0,3017.4,3017.4,MESA,Venta,,,
103155,20000,30000.0,2,1936-S,,2022-12-29,2023-04-16,"BERLIN Guest Chair, yellow",Piece,5.0,193.7,151.1,0.0,0.0,968.5,968.5,SILLA,Venta,,,
103155,30000,30000.0,2,1972-S,,2022-12-29,2023-04-16,"MUNICH Swivel Chair, yellow",Piece,2.0,191.0,148.9,0.0,0.0,382.0,382.0,SILLA,Venta,,,
103155,40000,30000.0,2,1988-S,,2022-12-29,2023-04-16,"SEOUL Guest Chair, red",Piece,2.0,193.7,151.1,0.0,0.0,387.4,387.4,SILLA,Venta,,,
103155,50000,30000.0,2,2000-S,,2022-12-29,2023-04-16,"SYDNEY Swivel Chair, green",Piece,3.0,191.0,148.9,0.0,0.0,573.0,573.0,SILLA,Venta,,,
103156,10000,20000.0,2,1900-S,,2022-12-29,2023-04-16,"Silla inv. PARÍS, negra",Unidad,2.0,193.7,151.1,0.0,0.0,387.4,468.75,SILLA,Venta,,,
103156,20000,20000.0,2,1980-S,,2022-12-29,2023-04-16,"Silla giratoria MOSCÚ, roja",Unidad,2.0,191.0,148.9,0.0,0.0,382.0,462.22,SILLA,Venta,,,
103157,10000,10000.0,2,1996-S,,2022-12-31,2023-04-16,"Pizarra ATLANTA, base",Unidad,2.0,1404.3,1095.3,0.0,0.0,2808.6,3398.41,VARIOS,Venta,,,
103158,10000,30000.0,2,1960-S,,2023-01-01,2023-04-16,"ROME Guest Chair, green",Piece,1.0,193.7,151.1,0.0,0.0,193.7,193.7,SILLA,Venta,,,
103159,10000,20000.0,2,1928-S,,2023-01-18,2023-04-16,Lámpara ÁMSTERDAM,Unidad,3.0,55.2,43.1,0.0,0.0,165.6,200.38,VARIOS,Venta,,,
103160,10000,10000.0,2,1960-S,,2023-01-19,2023-04-16,"Silla inv. ROMA, verde",Unidad,4.0,193.7,151.1,0.0,0.0,774.8,937.51,SILLA,Venta,,,
103161,10000,30000.0,2,1988-S,,2023-01-20,2023-04-16,"SEOUL Guest Chair, red",Piece,1.0,193.7,151.1,0.0,0.0,193.7,193.7,SILLA,Venta,,,
103162,10000,50000.0,2,1968-S,,2023-01-21,2023-04-16,"Silla giratoria MÉXICO, negra",Unidad,2.0,191.0,148.9,0.0,0.0,382.0,462.22,SILLA,Venta,,,
103163,10000,40000.0,2,1960-S,,2023-01-22,2023-04-16,"Silla inv. ROMA, verde",stück,2.0,193.7,151.1,0.0,0.0,387.4,387.4,SILLA,Venta,,,
103164,10000,20000.0,2,1900-S,,2023-01-23,2023-04-16,"Silla inv. PARÍS, negra",Unidad,4.0,193.7,151.1,0.0,0.0,774.8,937.51,SILLA,Venta,,,
103164,20000,20000.0,2,1964-S,,2023-01-23,2023-04-16,"Silla inv. TOKIO, azul",Unidad,6.0,193.7,151.1,0.0,0.0,1162.2,1406.26,SILLA,Venta,,,
103164,30000,20000.0,2,1980-S,,2023-01-23,2023-04-16,"Silla giratoria MOSCÚ, roja",Unidad,3.0,191.0,148.9,0.0,0.0,573.0,693.33,SILLA,Venta,,,
103165,10000,10000.0,2,1896-S,,2023-01-23,2023-04-16,Escritorio ATENAS,Unidad,6.0,1005.8,784.6,0.0,0.0,6034.8,7302.11,MESA,Venta,,,
103165,20000,10000.0,2,1972-S,,2023-01-23,2023-04-16,"Silla giratoria MUNICH, amar.",Unidad,2.0,191.0,148.9,0.0,0.0,382.0,462.22,SILLA,Venta,,,
103165,30000,10000.0,2,1996-S,,2023-01-23,2023-04-16,"Pizarra ATLANTA, base",Unidad,4.0,1404.3,1095.3,0.0,0.0,5617.2,6796.81,VARIOS,Venta,,,
103166,10000,50000.0,2,1906-S,,2023-01-25,2023-04-16,Pedestal móvil ATENAS,Unidad,6.0,435.8,339.9,0.0,0.0,2614.8,3163.91,ESCRITORIO,Venta,,,
103167,10000,30000.0,2,1928-S,,2023-01-26,2023-04-16,Lámpara giratoria roja,Piece,8.0,55.2,43.1,0.0,0.0,441.6,441.6,VARIOS,Venta,,,
103168,10000,40000.0,2,1908-S,,2023-01-26,2023-04-16,"Silla giratoria LONDRES, azul",stück,5.0,191.0,148.9,0.0,0.0,955.0,955.0,SILLA,Venta,,,
103168,20000,40000.0,2,1920-S,,2023-01-26,2023-04-16,Mesa de conferencia AMBERES,stück,3.0,651.1,508.0,0.0,0.0,1953.3,1953.3,ESCRITORIO,Venta,,,
103168,30000,40000.0,2,1968-S,,2023-01-26,2023-04-16,"Silla giratoria MÉXICO, negra",stück,5.0,191.0,148.9,0.0,0.0,955.0,955.0,SILLA,Venta,,,
103168,40000,40000.0,2,1980-S,,2023-01-26,2023-04-16,"Silla giratoria MOSCÚ, roja",stück,1.0,191.0,148.9,0.0,0.0,191.0,191.0,SILLA,Venta,,,
103169,10000,20000.0,2,1900-S,,2023-01-28,2023-04-16,"Silla inv. PARÍS, negra",Unidad,4.0,193.7,151.1,0.0,0.0,774.8,937.51,SILLA,Venta,,,
103170,10000,30000.0,2,1896-S,,2023-01-29,2023-04-16,ATHENS Desk,Piece,4.0,1005.8,784.6,0.0,0.0,4023.2,4023.2,MESA,Venta,,,
103170,20000,30000.0,2,1936-S,,2023-01-29,2023-04-16,"BERLIN Guest Chair, yellow",Piece,9.0,193.7,151.1,0.0,0.0,1743.3,1743.3,SILLA,Venta,,,
103170,30000,30000.0,2,1972-S,,2023-01-29,2023-04-16,"MUNICH Swivel Chair, yellow",Piece,4.0,191.0,148.9,0.0,0.0,764.0,764.0,SILLA,Venta,,,
103170,40000,30000.0,2,1996-S,,2023-01-29,2023-04-16,"ATLANTA Whiteboard, base",Piece,3.0,1404.3,1095.3,0.0,0.0,4212.9,4212.9,VARIOS,Venta,,,
103171,10000,50000.0,2,1920-S,,2023-01-31,2023-04-16,Mesa de conferencia AMBERES,Unidad,3.0,651.1,508.0,0.0,0.0,1953.3,2363.49,ESCRITORIO,Venta,,,
103171,20000,50000.0,2,1988-S,,2023-01-31,2023-04-16,"Silla inv. SEUL, roja",Unidad,4.0,193.7,151.1,0.0,0.0,774.8,937.51,SILLA,Venta,,,
103172,10000,30000.0,2,1960-S,,2023-02-01,2023-04-16,"ROME Guest Chair, green",Piece,1.0,193.7,151.1,0.0,0.0,193.7,193.7,SILLA,Venta,,,
103172,20000,30000.0,2,2000-S,,2023-02-01,2023-04-16,"SYDNEY Swivel Chair, green",Piece,5.0,191.0,148.9,0.0,0.0,955.0,955.0,SILLA,Venta,,,
103173,10000,20000.0,2,1928-S,,2023-02-17,2023-04-16,Lámpara ÁMSTERDAM,Unidad,3.0,55.2,43.1,0.0,0.0,165.6,200.38,VARIOS,Venta,,,
103174,10000,10000.0,2,1960-S,,2023-02-17,2023-04-16,"Silla inv. ROMA, verde",Unidad,4.0,193.7,151.1,0.0,0.0,774.8,937.51,SILLA,Venta,,,
103175,10000,30000.0,2,1988-S,,2023-02-19,2023-04-16,"SEOUL Guest Chair, red",Piece,2.0,193.7,151.1,0.0,0.0,387.4,387.4,SILLA,Venta,,,
103176,10000,40000.0,2,1960-S,,2023-02-20,2023-04-16,"Silla inv. ROMA, verde",stück,2.0,193.7,151.1,0.0,0.0,387.4,387.4,SILLA,Venta,,,
103177,10000,20000.0,2,1900-S,,2023-02-21,2023-04-16,"Silla inv. PARÍS, negra",Unidad,6.0,193.7,151.1,0.0,0.0,1162.2,1406.26,SILLA,Venta,,,
103177,20000,20000.0,2,1964-S,,2023-02-21,2023-04-16,"Silla inv. TOKIO, azul",Unidad,5.0,193.7,151.1,0.0,0.0,968.5,1171.89,SILLA,Venta,,,
103177,30000,20000.0,2,1980-S,,2023-02-21,2023-04-16,"Silla giratoria MOSCÚ, roja",Unidad,3.0,191.0,148.9,0.0,0.0,573.0,693.33,SILLA,Venta,,,
103178,10000,10000.0,2,1896-S,,2023-02-21,2023-04-16,Escritorio ATENAS,Unidad,8.0,1005.8,784.6,0.0,0.0,8046.4,9736.14,MESA,Venta,,,
103178,20000,10000.0,2,1972-S,,2023-02-21,2023-04-16,"Silla giratoria MUNICH, amar.",Unidad,2.0,191.0,148.9,0.0,0.0,382.0,462.22,SILLA,Venta,,,
103178,30000,10000.0,2,1996-S,,2023-02-21,2023-04-16,"Pizarra ATLANTA, base",Unidad,6.0,1404.3,1095.3,0.0,0.0,8425.8,10195.22,VARIOS,Venta,,,
103179,10000,50000.0,2,1906-S,,2023-02-22,2023-04-16,Pedestal móvil ATENAS,Unidad,10.0,435.8,339.9,0.0,0.0,4358.0,5273.18,ESCRITORIO,Venta,,,
103179,20000,50000.0,2,1968-S,,2023-02-22,2023-04-16,"Silla giratoria MÉXICO, negra",Unidad,2.0,191.0,148.9,0.0,0.0,382.0,462.22,SILLA,Venta,,,
103180,10000,40000.0,2,1908-S,,2023-02-24,2023-04-16,"Silla giratoria LONDRES, azul",stück,6.0,191.0,148.9,0.0,0.0,1146.0,1146.0,SILLA,Venta,,,
103180,20000,40000.0,2,1920-S,,2023-02-24,2023-04-16,Mesa de conferencia AMBERES,stück,3.0,651.1,508.0,0.0,0.0,1953.3,1953.3,ESCRITORIO,Venta,,,
103180,30000,40000.0,2,1968-S,,2023-02-24,2023-04-16,"Silla giratoria MÉXICO, negra",stück,4.0,191.0,148.9,0.0,0.0,764.0,764.0,SILLA,Venta,,,
103180,40000,40000.0,2,1980-S,,2023-02-24,2023-04-16,"Silla giratoria MOSCÚ, roja",stück,1.0,191.0,148.9,0.0,0.0,191.0,191.0,SILLA,Venta,,,
103181,10000,20000.0,2,1900-S,,2023-02-25,2023-04-16,"Silla inv. PARÍS, negra",Unidad,6.0,193.7,151.1,0.0,0.0,1162.2,1406.26,SILLA,Venta,,,
103182,10000,30000.0,2,1896-S,,2023-02-25,2023-04-16,ATHENS Desk,Piece,7.0,1005.8,784.6,0.0,0.0,7040.6,7040.6,MESA,Venta,,,
103182,20000,30000.0,2,1928-S,,2023-02-25,2023-04-16,Lámpara giratoria roja,Piece,10.0,55.2,43.1,0.0,0.0,552.0,552.0,VARIOS,Venta,,,
103182,30000,30000.0,2,1936-S,,2023-02-25,2023-04-16,"BERLIN Guest Chair, yellow",Piece,11.0,193.7,151.1,0.0,0.0,2130.7,2130.7,SILLA,Venta,,,
103182,40000,30000.0,2,1996-S,,2023-02-25,2023-04-16,"ATLANTA Whiteboard, base",Piece,4.0,1404.3,1095.3,0.0,0.0,5617.2,5617.2,VARIOS,Venta,,,
103183,10000,30000.0,2,1960-S,,2023-02-28,2023-04-16,"ROME Guest Chair, green",Piece,2.0,193.7,151.1,0.0,0.0,387.4,387.4,SILLA,Venta,,,
103183,20000,30000.0,2,1972-S,,2023-02-28,2023-04-16,"MUNICH Swivel Chair, yellow",Piece,5.0,191.0,148.9,0.0,0.0,955.0,955.0,SILLA,Venta,,,
103183,30000,30000.0,2,2000-S,,2023-02-28,2023-04-16,"SYDNEY Swivel Chair, green",Piece,7.0,191.0,148.9,0.0,0.0,1337.0,1337.0,SILLA,Venta,,,
103184,10000,50000.0,2,1920-S,,2023-02-28,2023-04-16,Mesa de conferencia AMBERES,Unidad,3.0,651.1,508.0,0.0,0.0,1953.3,2363.49,ESCRITORIO,Venta,,,
103184,20000,50000.0,2,1988-S,,2023-02-28,2023-04-16,"Silla inv. SEUL, roja",Unidad,4.0,193.7,151.1,0.0,0.0,774.8,937.51,SILLA,Venta,,,
103185,10000,20000.0,2,1928-S,,2023-03-18,2023-04-16,Lámpara ÁMSTERDAM,Unidad,4.0,55.2,43.1,0.0,0.0,220.8,267.17,VARIOS,Venta,,,
103186,10000,10000.0,2,1960-S,,2023-03-19,2023-04-16,"Silla inv. ROMA, verde",Unidad,5.0,193.7,151.1,0.0,0.0,968.5,1171.89,SILLA,Venta,,,
103187,10000,30000.0,2,1988-S,,2023-03-20,2023-04-16,"SEOUL Guest Chair, red",Piece,2.0,193.7,151.1,0.0,0.0,387.4,387.4,SILLA,Venta,,,
103188,10000,50000.0,2,1968-S,,2023-03-21,2023-04-16,"Silla giratoria MÉXICO, negra",Unidad,2.0,191.0,148.9,0.0,0.0,382.0,462.22,SILLA,Venta,,,
103189,10000,40000.0,2,1960-S,,2023-03-22,2023-04-16,"Silla inv. ROMA, verde",stück,2.0,193.7,151.1,0.0,0.0,387.4,387.4,SILLA,Venta,,,
103190,10000,20000.0,2,1900-S,,2023-03-23,2023-04-16,"Silla inv. PARÍS, negra",Unidad,5.0,193.7,151.1,0.0,0.0,968.5,1171.88,SILLA,Venta,,,
103190,20000,20000.0,2,1964-S,,2023-03-23,2023-04-16,"Silla inv. TOKIO, azul",Unidad,7.0,193.7,151.1,0.0,0.0,1355.9,1640.64,SILLA,Venta,,,
103190,30000,20000.0,2,1980-S,,2023-03-23,2023-04-16,"Silla giratoria MOSCÚ, roja",Unidad,4.0,191.0,148.9,0.0,0.0,764.0,924.44,SILLA,Venta,,,
103191,10000,10000.0,2,1896-S,,2023-03-23,2023-04-16,Escritorio ATENAS,Unidad,10.0,1005.8,784.6,0.0,0.0,10058.0,12170.18,MESA,Venta,,,
103191,20000,10000.0,2,1972-S,,2023-03-23,2023-04-16,"Silla giratoria MUNICH, amar.",Unidad,3.0,191.0,148.9,0.0,0.0,573.0,693.33,SILLA,Venta,,,
103191,30000,10000.0,2,1996-S,,2023-03-23,2023-04-16,"Pizarra ATLANTA, base",Unidad,7.0,1404.3,1095.3,0.0,0.0,9830.1,11894.42,VARIOS,Venta,,,
103192,10000,50000.0,2,1906-S,,2023-03-25,2023-04-16,Pedestal móvil ATENAS,Unidad,10.0,435.8,339.9,0.0,0.0,4358.0,5273.18,ESCRITORIO,Venta,,,
103193,10000,30000.0,2,1928-S,,2023-03-26,2023-04-16,Lámpara giratoria roja,Piece,12.0,55.2,43.1,0.0,0.0,662.4,662.4,VARIOS,Venta,,,
103194,10000,40000.0,2,1908-S,,2023-03-26,2023-04-16,"Silla giratoria LONDRES, azul",stück,7.0,191.0,148.9,0.0,0.0,1337.0,1337.0,SILLA,Venta,,,
103194,20000,40000.0,2,1920-S,,2023-03-26,2023-04-16,Mesa de conferencia AMBERES,stück,3.0,651.1,508.0,0.0,0.0,1953.3,1953.3,ESCRITORIO,Venta,,,
103194,30000,40000.0,2,1968-S,,2023-03-26,2023-04-16,"Silla giratoria MÉXICO, negra",stück,6.0,191.0,148.9,0.0,0.0,1146.0,1146.0,SILLA,Venta,,,
103194,40000,40000.0,2,1980-S,,2023-03-26,2023-04-16,"Silla giratoria MOSCÚ, roja",stück,1.0,191.0,148.9,0.0,0.0,191.0,191.0,SILLA,Venta,,,
103195,10000,20000.0,2,1900-S,,2023-03-28,2023-04-16,"Silla inv. PARÍS, negra",Unidad,5.0,193.7,151.1,0.0,0.0,968.5,1171.89,SILLA,Venta,,,
103196,10000,30000.0,2,1896-S,,2023-03-29,2023-04-16,ATHENS Desk,Piece,8.0,1005.8,784.6,0.0,0.0,8046.4,8046.4,MESA,Venta,,,
103196,20000,30000.0,2,1936-S,,2023-03-29,2023-04-16,"BERLIN Guest Chair, yellow",Piece,13.0,193.7,151.1,0.0,0.0,2518.1,2518.1,SILLA,Venta,,,
103196,30000,30000.0,2,1972-S,,2023-03-29,2023-04-16,"MUNICH Swivel Chair, yellow",Piece,6.0,191.0,148.9,0.0,0.0,1146.0,1146.0,SILLA,Venta,,,
103196,40000,30000.0,2,1996-S,,2023-03-29,2023-04-16,"ATLANTA Whiteboard, base",Piece,5.0,1404.3,1095.3,0.0,0.0,7021.5,7021.5,VARIOS,Venta,,,
103197,10000,50000.0,2,1920-S,,2023-03-31,2023-04-16,Mesa de conferencia AMBERES,Unidad,3.0,651.1,508.0,0.0,0.0,1953.3,2363.49,ESCRITORIO,Venta,,,
103197,20000,50000.0,2,1988-S,,2023-03-31,2023-04-16,"Silla inv. SEUL, roja",Unidad,5.0,193.7,151.1,0.0,0.0,968.5,1171.89,SILLA,Venta,,,
103198,10000,30000.0,2,1960-S,,2023-04-01,2023-04-16,"ROME Guest Chair, green",Piece,2.0,193.7,151.1,0.0,0.0,387.4,387.4,SILLA,Venta,,,
103198,20000,30000.0,2,2000-S,,2023-04-01,2023-04-16,"SYDNEY Swivel Chair, green",Piece,8.0,191.0,148.9,0.0,0.0,1528.0,1528.0,SILLA,Venta,,,
103199,10000,10000.0,2,1969-W,,2023-01-19,2023-04-16,Conjunto de conferencia 1,Unidad,5.0,343.5,0.0,0.0,0.0,1717.5,2078.18,,Venta,,,
103200,10000,10000.0,2,1965-W,,2023-01-20,2023-04-16,Paquete de conferencia 2-8,Unidad,6.0,235.0,0.0,0.0,0.0,1410.0,1706.1,,Venta,,,
103201,10000,10000.0,2,1965-W,,2023-01-21,2023-04-16,Paquete de conferencia 2-8,Unidad,11.0,235.0,0.0,0.0,0.0,2585.0,3127.85,,Venta,,,
103202,10000,10000.0,2,1953-W,,2023-01-26,2023-04-16,Sección invitados 1,Unidad,2.0,126.4,0.0,0.0,0.0,252.8,305.89,,Venta,,,
103203,10000,10000.0,2,1953-W,,2023-02-05,2023-04-16,Sección invitados 1,Unidad,23.0,126.4,0.0,0.0,0.0,2907.2,3517.71,,Venta,,,
103204,10000,10000.0,2,1965-W,,2023-02-15,2023-04-16,Paquete de conferencia 2-8,Unidad,1.0,235.0,0.0,0.0,0.0,235.0,284.35,,Venta,,,
103205,10000,20000.0,2,1969-W,,2023-01-22,2023-04-16,Conjunto de conferencia 1,Unidad,2.0,343.5,0.0,0.0,0.0,687.0,831.27,,Venta,,,
103206,10000,20000.0,2,1965-W,,2023-01-27,2023-04-16,Paquete de conferencia 2-8,Unidad,20.0,235.0,0.0,0.0,0.0,4700.0,5687.0,,Venta,,,
103207,10000,20000.0,2,1965-W,,2023-01-27,2023-04-16,Paquete de conferencia 2-8,Unidad,4.0,235.0,0.0,0.0,0.0,940.0,1137.4,,Venta,,,
103208,10000,20000.0,2,1953-W,,2023-02-05,2023-04-16,Sección invitados 1,Unidad,10.0,126.4,0.0,0.0,0.0,1264.0,1529.44,,Venta,,,
103209,10000,20000.0,2,1953-W,,2023-02-10,2023-04-16,Sección invitados 1,Unidad,14.0,126.4,0.0,0.0,0.0,1769.6,2141.22,,Venta,,,
103210,10000,20000.0,2,1965-W,,2023-02-15,2023-04-16,Paquete de conferencia 2-8,Unidad,2.0,235.0,0.0,0.0,0.0,470.0,568.7,,Venta,,,
103211,10000,30000.0,2,1965-W,,2023-01-18,2023-04-16,Confenrence Bundle 2-8,Piece,4.0,235.0,0.0,0.0,0.0,940.0,940.0,,Venta,,,
103212,10000,30000.0,2,1965-W,,2023-01-21,2023-04-16,Confenrence Bundle 2-8,Piece,11.0,235.0,0.0,0.0,0.0,2585.0,2585.0,,Venta,,,
103213,10000,40000.0,2,1965-W,,2023-01-22,2023-04-16,Paquete de conferencia 2-8,stück,20.0,235.0,0.0,0.0,0.0,4700.0,4700.0,,Venta,,,
103214,10000,40000.0,2,1965-W,,2023-01-27,2023-04-16,Paquete de conferencia 2-8,stück,2.0,235.0,0.0,0.0,0.0,470.0,470.0,,Venta,,,
108001,10000,,2,1896-S,,2022-01-01,,Escritorio ATENAS,Unidad,4.0,,,0.0,0.0,3138.4,,MESA,Compra,20000.0,2022-01-01,784.6
108002,10000,,2,1906-S,,2022-01-01,,Pedestal móvil ATENAS,Unidad,5.0,,,0.0,0.0,1699.5,,ESCRITORIO,Compra,30000.0,2022-01-01,339.9
108003,10000,,2,1908-S,,2022-01-01,,"Silla giratoria LONDRES, azul",Unidad,3.0,,,0.0,0.0,446.7,,SILLA,Compra,50000.0,2022-01-01,148.9
108004,10000,,2,1928-S,,2022-01-01,,Lámpara ÁMSTERDAM,Unidad,8.0,,,0.0,0.0,344.8,,VARIOS,Compra,40000.0,2022-01-01,43.1
108005,10000,,2,1936-S,,2022-01-01,,"Silla invit. BERLÍN, amar.",Unidad,10.0,,,0.0,0.0,1511.0,,SILLA,Compra,50000.0,2022-01-01,151.1
108006,10000,,2,1960-S,,2022-01-01,,"Silla inv. ROMA, verde",Unidad,2.0,,,0.0,0.0,302.2,,SILLA,Compra,40000.0,2022-01-01,151.1
108007,10000,,2,1964-S,,2022-01-01,,"TOKYO Guest Chair, blue",Unidad,4.0,,,0.0,0.0,604.4,,SILLA,Compra,10000.0,2022-01-01,151.1
108008,10000,,2,2000-S,,2022-01-01,,"Silla giratoria SIDNEY, verde",Unidad,10.0,,,0.0,0.0,1489.0,,SILLA,Compra,20000.0,2022-01-01,148.9
108009,10000,,2,1968-S,PRINCIPAL,2022-01-01,,"Silla giratoria MÉXICO, negra",Unidad,2.0,,,0.0,0.0,297.8,,SILLA,Compra,40000.0,2022-01-01,148.9
108010,10000,,2,1968-S,ESTE,2022-01-01,,"Silla giratoria MÉXICO, negra",Unidad,3.0,,,0.0,0.0,446.7,,SILLA,Compra,20000.0,2022-01-01,148.9
108011,10000,,2,1968-S,OESTE,2022-01-01,,"MEXICO Swivel Chair, black",Unidad,5.0,,,0.0,0.0,744.5,,SILLA,Compra,10000.0,2022-01-01,148.9
108012,10000,,2,1996-S,,2022-11-01,,"Pizarra ATLANTA, base",Unidad,5.0,,,0.0,0.0,5476.5,,VARIOS,Compra,50000.0,2022-01-01,1095.3
108013,10000,,2,1920-S,,2022-09-01,,Mesa de conferencia AMBERES,Unidad,10.0,,,0.0,0.0,5080.0,,ESCRITORIO,Compra,40000.0,2022-01-01,508.0
108014,10000,,2,1936-S,,2022-12-01,,"Silla invit. BERLÍN, amar.",Unidad,90.0,,,0.0,0.0,13599.0,,SILLA,Compra,40000.0,2022-01-01,151.1
108015,10000,,2,2000-S,,2022-12-01,,"Silla giratoria SIDNEY, verde",Unidad,28.0,,,0.0,0.0,4169.2,,SILLA,Compra,40000.0,2022-01-01,148.9
108016,10000,,2,1996-S,,2022-12-01,,"Pizarra ATLANTA, base",Unidad,5.0,,,0.0,0.0,5476.5,,VARIOS,Compra,30000.0,2022-01-01,1095.3
108017,10000,,2,1908-S,,2022-01-09,,"Silla giratoria LONDRES, azul",Unidad,5.0,,,0.0,0.0,744.5,,SILLA,Compra,20000.0,2022-01-01,148.9
108017,20000,,2,1988-S,,2022-01-09,,"Silla inv. SEUL, roja",Unidad,5.0,,,0.0,0.0,755.5,,SILLA,Compra,20000.0,2022-01-01,151.1
108018,10000,,2,1920-S,,2022-01-09,,Mesa de conferencia AMBERES,Unidad,5.0,,,0.0,0.0,2540.0,,ESCRITORIO,Compra,40000.0,2022-01-01,508.0
108019,10000,,2,1972-S,,2022-01-10,,"Silla giratoria MUNICH, amar.",Unidad,7.0,,,0.0,0.0,1042.3,,SILLA,Compra,30000.0,2022-01-01,148.9
108020,10000,,2,1968-S,,2022-01-11,,"Silla giratoria MÉXICO, negra",Unidad,6.0,,,0.0,0.0,893.4,,SILLA,Compra,20000.0,2022-01-01,148.9
108021,10000,,2,1900-S,,2022-01-12,,"Silla inv. PARÍS, negra",Unidad,8.0,,,0.0,0.0,1208.8,,SILLA,Compra,50000.0,2022-01-01,151.1
108021,20000,,2,1980-S,,2022-01-12,,"Silla giratoria MOSCÚ, roja",Unidad,4.0,,,0.0,0.0,595.6,,SILLA,Compra,50000.0,2022-01-01,148.9
108022,10000,,2,1936-S,,2022-01-12,,"BERLIN Guest Chair, yellow",Unidad,8.0,,,0.0,0.0,1208.8,,SILLA,Compra,10000.0,2022-01-01,151.1
108023,10000,,2,1896-S,,2022-01-13,,Escritorio ATENAS,Unidad,9.0,,,0.0,0.0,7061.4,,MESA,Compra,50000.0,2022-01-01,784.6
108024,10000,,2,1960-S,,2022-01-14,,"Silla inv. ROMA, verde",Unidad,7.0,,,0.0,0.0,1057.7,,SILLA,Compra,20000.0,2022-01-01,151.1
108025,10000,,2,1928-S,,2022-01-15,,Lámpara ÁMSTERDAM,Unidad,10.0,,,0.0,0.0,431.0,,VARIOS,Compra,30000.0,2022-01-01,43.1
108026,10000,,2,1996-S,,2022-01-15,,"Pizarra ATLANTA, base",Unidad,7.0,,,0.0,0.0,7667.1,,VARIOS,Compra,40000.0,2022-01-01,1095.3
108027,10000,,2,1964-S,,2022-01-16,,"Silla inv. TOKIO, azul",Unidad,5.0,,,0.0,0.0,755.5,,SILLA,Compra,40000.0,2022-01-01,151.1
108028,10000,,2,2000-S,,2022-01-16,,"Silla giratoria SIDNEY, verde",Unidad,5.0,,,0.0,0.0,744.5,,SILLA,Compra,30000.0,2022-01-01,148.9
108029,10000,,2,1906-S,,2022-01-17,,Pedestal móvil ATENAS,Unidad,6.0,,,0.0,0.0,2039.4,,ESCRITORIO,Compra,30000.0,2022-01-01,339.9
108030,10000,,2,1908-S,,2022-02-09,,"Silla giratoria LONDRES, azul",Unidad,5.0,,,0.0,0.0,744.5,,SILLA,Compra,20000.0,2022-01-01,148.9
108030,20000,,2,1988-S,,2022-02-09,,"Silla inv. SEUL, roja",Unidad,5.0,,,0.0,0.0,755.5,,SILLA,Compra,20000.0,2022-01-01,151.1
108031,10000,,2,1920-S,,2022-02-09,,Mesa de conferencia AMBERES,Unidad,4.0,,,0.0,0.0,2032.0,,ESCRITORIO,Compra,40000.0,2022-01-01,508.0
108032,10000,,2,1972-S,,2022-02-10,,"Silla giratoria MUNICH, amar.",Unidad,7.0,,,0.0,0.0,1042.3,,SILLA,Compra,30000.0,2022-01-01,148.9
108033,10000,,2,1900-S,,2022-02-11,,"Silla inv. PARÍS, negra",Unidad,10.0,,,0.0,0.0,1511.0,,SILLA,Compra,50000.0,2022-01-01,151.1
108033,20000,,2,1980-S,,2022-02-11,,"Silla giratoria MOSCÚ, roja",Unidad,4.0,,,0.0,0.0,595.6,,SILLA,Compra,50000.0,2022-01-01,148.9
108034,10000,,2,1936-S,,2022-02-11,,"BERLIN Guest Chair, yellow",Unidad,9.0,,,0.0,0.0,1359.9,,SILLA,Compra,10000.0,2022-01-01,151.1
108035,10000,,2,1968-S,,2022-02-11,,"Silla giratoria MÉXICO, negra",Unidad,6.0,,,0.0,0.0,893.4,,SILLA,Compra,20000.0,2022-01-01,148.9
108036,10000,,2,1896-S,,2022-02-13,,Escritorio ATENAS,Unidad,13.0,,,0.0,0.0,10199.8,,MESA,Compra,50000.0,2022-01-01,784.6
108037,10000,,2,1960-S,,2022-02-13,,"Silla inv. ROMA, verde",Unidad,7.0,,,0.0,0.0,1057.7,,SILLA,Compra,20000.0,2022-01-01,151.1
108038,10000,,2,1928-S,,2022-02-14,,Lámpara ÁMSTERDAM,Unidad,11.0,,,0.0,0.0,474.1,,VARIOS,Compra,30000.0,2022-01-01,43.1
108039,10000,,2,1996-S,,2022-02-14,,"Pizarra ATLANTA, base",Unidad,6.0,,,0.0,0.0,6571.8,,VARIOS,Compra,40000.0,2022-01-01,1095.3
108040,10000,,2,1964-S,,2022-02-15,,"Silla inv. TOKIO, azul",Unidad,5.0,,,0.0,0.0,755.5,,SILLA,Compra,40000.0,2022-01-01,151.1
108041,10000,,2,2000-S,,2022-02-15,,"Silla giratoria SIDNEY, verde",Unidad,5.0,,,0.0,0.0,744.5,,SILLA,Compra,30000.0,2022-01-01,148.9
108042,10000,,2,1906-S,,2022-02-16,,Pedestal móvil ATENAS,Unidad,8.0,,,0.0,0.0,2719.2,,ESCRITORIO,Compra,30000.0,2022-01-01,339.9
108043,10000,,2,1908-S,,2022-03-09,,"Silla giratoria LONDRES, azul",Unidad,6.0,,,0.0,0.0,893.4,,SILLA,Compra,20000.0,2022-01-01,148.9
108043,20000,,2,1988-S,,2022-03-09,,"Silla inv. SEUL, roja",Unidad,6.0,,,0.0,0.0,906.6,,SILLA,Compra,20000.0,2022-01-01,151.1
108044,10000,,2,1920-S,,2022-03-09,,Mesa de conferencia AMBERES,Unidad,7.0,,,0.0,0.0,3556.0,,ESCRITORIO,Compra,40000.0,2022-01-01,508.0
108045,10000,,2,1972-S,,2022-03-10,,"Silla giratoria MUNICH, amar.",Unidad,9.0,,,0.0,0.0,1340.1,,SILLA,Compra,30000.0,2022-01-01,148.9
108046,10000,,2,1968-S,,2022-03-11,,"Silla giratoria MÉXICO, negra",Unidad,8.0,,,0.0,0.0,1191.2,,SILLA,Compra,20000.0,2022-01-01,148.9
108047,10000,,2,1900-S,,2022-03-12,,"Silla inv. PARÍS, negra",Unidad,11.0,,,0.0,0.0,1662.1,,SILLA,Compra,50000.0,2022-01-01,151.1
108047,20000,,2,1980-S,,2022-03-12,,"Silla giratoria MOSCÚ, roja",Unidad,6.0,,,0.0,0.0,893.4,,SILLA,Compra,50000.0,2022-01-01,148.9
108048,10000,,2,1936-S,,2022-03-12,,"BERLIN Guest Chair, yellow",Unidad,10.0,,,0.0,0.0,1511.0,,SILLA,Compra,10000.0,2022-01-01,151.1
108049,10000,,2,1896-S,,2022-03-13,,Escritorio ATENAS,Unidad,15.0,,,0.0,0.0,11769.0,,MESA,Compra,50000.0,2022-01-01,784.6
108050,10000,,2,1960-S,,2022-03-14,,"Silla inv. ROMA, verde",Unidad,9.0,,,0.0,0.0,1359.9,,SILLA,Compra,20000.0,2022-01-01,151.1
108051,10000,,2,1928-S,,2022-03-15,,Lámpara ÁMSTERDAM,Unidad,13.0,,,0.0,0.0,560.3,,VARIOS,Compra,30000.0,2022-01-01,43.1
108052,10000,,2,1996-S,,2022-03-15,,"Pizarra ATLANTA, base",Unidad,10.0,,,0.0,0.0,10953.0,,VARIOS,Compra,40000.0,2022-01-01,1095.3
108053,10000,,2,1964-S,,2022-03-16,,"Silla inv. TOKIO, azul",Unidad,6.0,,,0.0,0.0,906.6,,SILLA,Compra,40000.0,2022-01-01,151.1
108054,10000,,2,2000-S,,2022-03-16,,"Silla giratoria SIDNEY, verde",Unidad,7.0,,,0.0,0.0,1042.3,,SILLA,Compra,30000.0,2022-01-01,148.9
108055,10000,,2,1906-S,,2022-03-17,,Pedestal móvil ATENAS,Unidad,9.0,,,0.0,0.0,3059.1,,ESCRITORIO,Compra,30000.0,2022-01-01,339.9
108056,10000,,2,1908-S,,2022-04-09,,"Silla giratoria LONDRES, azul",Unidad,6.0,,,0.0,0.0,893.4,,SILLA,Compra,20000.0,2022-01-01,148.9
108056,20000,,2,1988-S,,2022-04-09,,"Silla inv. SEUL, roja",Unidad,5.0,,,0.0,0.0,755.5,,SILLA,Compra,20000.0,2022-01-01,151.1
108057,10000,,2,1920-S,,2022-04-09,,Mesa de conferencia AMBERES,Unidad,6.0,,,0.0,0.0,3048.0,,ESCRITORIO,Compra,40000.0,2022-01-01,508.0
108058,10000,,2,1972-S,,2022-04-10,,"Silla giratoria MUNICH, amar.",Unidad,10.0,,,0.0,0.0,1489.0,,SILLA,Compra,30000.0,2022-01-01,148.9
108059,10000,,2,1900-S,,2022-04-11,,"Silla inv. PARÍS, negra",Unidad,11.0,,,0.0,0.0,1662.1,,SILLA,Compra,50000.0,2022-01-01,151.1
108059,20000,,2,1980-S,,2022-04-11,,"Silla giratoria MOSCÚ, roja",Unidad,5.0,,,0.0,0.0,744.5,,SILLA,Compra,50000.0,2022-01-01,148.9
108060,10000,,2,1968-S,,2022-04-11,,"Silla giratoria MÉXICO, negra",Unidad,9.0,,,0.0,0.0,1340.1,,SILLA,Compra,20000.0,2022-01-01,148.9
108061,10000,,2,1936-S,,2022-04-12,,"BERLIN Guest Chair, yellow",Unidad,11.0,,,0.0,0.0,1662.1,,SILLA,Compra,10000.0,2022-01-01,151.1
108062,10000,,2,1896-S,,2022-04-13,,Escritorio ATENAS,Unidad,18.0,,,0.0,0.0,14122.8,,MESA,Compra,50000.0,2022-01-01,784.6
108063,10000,,2,1928-S,,2022-04-14,,Lámpara ÁMSTERDAM,Unidad,13.0,,,0.0,0.0,560.3,,VARIOS,Compra,30000.0,2022-01-01,43.1
108064,10000,,2,1960-S,,2022-04-14,,"Silla inv. ROMA, verde",Unidad,9.0,,,0.0,0.0,1359.9,,SILLA,Compra,20000.0,2022-01-01,151.1
108065,10000,,2,1996-S,,2022-04-14,,"Pizarra ATLANTA, base",Unidad,10.0,,,0.0,0.0,10953.0,,VARIOS,Compra,40000.0,2022-01-01,1095.3
108066,10000,,2,1964-S,,2022-04-15,,"Silla inv. TOKIO, azul",Unidad,6.0,,,0.0,0.0,906.6,,SILLA,Compra,40000.0,2022-01-01,151.1
108067,10000,,2,1906-S,,2022-04-16,,Pedestal móvil ATENAS,Unidad,9.0,,,0.0,0.0,3059.1,,ESCRITORIO,Compra,30000.0,2022-01-01,339.9
108067,20000,,2,2000-S,,2022-04-16,,"Silla giratoria SIDNEY, verde",Unidad,8.0,,,0.0,0.0,1191.2,,SILLA,Compra,30000.0,2022-01-01,148.9
108068,10000,,2,1908-S,,2022-05-09,,"Silla giratoria LONDRES, azul",Unidad,5.0,,,0.0,0.0,744.5,,SILLA,Compra,20000.0,2022-01-01,148.9
108068,20000,,2,1988-S,,2022-05-09,,"Silla inv. SEUL, roja",Unidad,6.0,,,0.0,0.0,906.6,,SILLA,Compra,20000.0,2022-01-01,151.1
108069,10000,,2,1920-S,,2022-05-09,,Mesa de conferencia AMBERES,Unidad,7.0,,,0.0,0.0,3556.0,,ESCRITORIO,Compra,40000.0,2022-01-01,508.0
108070,10000,,2,1972-S,,2022-05-10,,"Silla giratoria MUNICH, amar.",Unidad,9.0,,,0.0,0.0,1340.1,,SILLA,Compra,30000.0,2022-01-01,148.9
108071,10000,,2,1968-S,,2022-05-11,,"Silla giratoria MÉXICO, negra",Unidad,8.0,,,0.0,0.0,1191.2,,SILLA,Compra,20000.0,2022-01-01,148.9
108072,10000,,2,1900-S,,2022-05-12,,"Silla inv. PARÍS, negra",Unidad,7.0,,,0.0,0.0,1057.7,,SILLA,Compra,50000.0,2022-01-01,151.1
108072,20000,,2,1980-S,,2022-05-12,,"Silla giratoria MOSCÚ, roja",Unidad,5.0,,,0.0,0.0,744.5,,SILLA,Compra,50000.0,2022-01-01,148.9
108073,10000,,2,1936-S,,2022-05-12,,"BERLIN Guest Chair, yellow",Unidad,9.0,,,0.0,0.0,1359.9,,SILLA,Compra,10000.0,2022-01-01,151.1
108074,10000,,2,1896-S,,2022-05-13,,Escritorio ATENAS,Unidad,14.0,,,0.0,0.0,10984.4,,MESA,Compra,50000.0,2022-01-01,784.6
108075,10000,,2,1960-S,,2022-05-14,,"Silla inv. ROMA, verde",Unidad,8.0,,,0.0,0.0,1208.8,,SILLA,Compra,20000.0,2022-01-01,151.1
108076,10000,,2,1928-S,,2022-05-15,,Lámpara ÁMSTERDAM,Unidad,11.0,,,0.0,0.0,474.1,,VARIOS,Compra,30000.0,2022-01-01,43.1
108077,10000,,2,1996-S,,2022-05-15,,"Pizarra ATLANTA, base",Unidad,9.0,,,0.0,0.0,9857.7,,VARIOS,Compra,40000.0,2022-01-01,1095.3
108078,10000,,2,1964-S,,2022-05-16,,"Silla inv. TOKIO, azul",Unidad,5.0,,,0.0,0.0,755.5,,SILLA,Compra,40000.0,2022-01-01,151.1
108079,10000,,2,2000-S,,2022-05-16,,"Silla giratoria SIDNEY, verde",Unidad,7.0,,,0.0,0.0,1042.3,,SILLA,Compra,30000.0,2022-01-01,148.9
108080,10000,,2,1906-S,,2022-05-17,,Pedestal móvil ATENAS,Unidad,6.0,,,0.0,0.0,2039.4,,ESCRITORIO,Compra,30000.0,2022-01-01,339.9
108081,10000,,2,1908-S,,2022-06-09,,"Silla giratoria LONDRES, azul",Unidad,5.0,,,0.0,0.0,744.5,,SILLA,Compra,20000.0,2022-01-01,148.9
108081,20000,,2,1988-S,,2022-06-09,,"Silla inv. SEUL, roja",Unidad,6.0,,,0.0,0.0,906.6,,SILLA,Compra,20000.0,2022-01-01,151.1
108082,10000,,2,1920-S,,2022-06-09,,Mesa de conferencia AMBERES,Unidad,5.0,,,0.0,0.0,2540.0,,ESCRITORIO,Compra,40000.0,2022-01-01,508.0
108083,10000,,2,1972-S,,2022-06-10,,"Silla giratoria MUNICH, amar.",Unidad,10.0,,,0.0,0.0,1489.0,,SILLA,Compra,30000.0,2022-01-01,148.9
108084,10000,,2,1900-S,,2022-06-11,,"Silla inv. PARÍS, negra",Unidad,7.0,,,0.0,0.0,1057.7,,SILLA,Compra,50000.0,2022-01-01,151.1
108084,20000,,2,1980-S,,2022-06-11,,"Silla giratoria MOSCÚ, roja",Unidad,5.0,,,0.0,0.0,744.5,,SILLA,Compra,50000.0,2022-01-01,148.9
108085,10000,,2,1968-S,,2022-06-11,,"Silla giratoria MÉXICO, negra",Unidad,8.0,,,0.0,0.0,1191.2,,SILLA,Compra,20000.0,2022-01-01,148.9
108086,10000,,2,1936-S,,2022-06-12,,"BERLIN Guest Chair, yellow",Unidad,10.0,,,0.0,0.0,1511.0,,SILLA,Compra,10000.0,2022-01-01,151.1
108087,10000,,2,1896-S,,2022-06-13,,Escritorio ATENAS,Unidad,15.0,,,0.0,0.0,11769.0,,MESA,Compra,50000.0,2022-01-01,784.6
108088,10000,,2,1928-S,,2022-06-14,,Lámpara ÁMSTERDAM,Unidad,13.0,,,0.0,0.0,560.3,,VARIOS,Compra,30000.0,2022-01-01,43.1
108089,10000,,2,1960-S,,2022-06-14,,"Silla inv. ROMA, verde",Unidad,8.0,,,0.0,0.0,1208.8,,SILLA,Compra,20000.0,2022-01-01,151.1
108090,10000,,2,1996-S,,2022-06-14,,"Pizarra ATLANTA, base",Unidad,9.0,,,0.0,0.0,9857.7,,VARIOS,Compra,40000.0,2022-01-01,1095.3
108091,10000,,2,1964-S,,2022-06-15,,"Silla inv. TOKIO, azul",Unidad,5.0,,,0.0,0.0,755.5,,SILLA,Compra,40000.0,2022-01-01,151.1
108092,10000,,2,1906-S,,2022-06-16,,Pedestal móvil ATENAS,Unidad,5.0,,,0.0,0.0,1699.5,,ESCRITORIO,Compra,30000.0,2022-01-01,339.9
108092,20000,,2,2000-S,,2022-06-16,,"Silla giratoria SIDNEY, verde",Unidad,7.0,,,0.0,0.0,1042.3,,SILLA,Compra,30000.0,2022-01-01,148.9
108093,10000,,2,1908-S,,2022-07-09,,"Silla giratoria LONDRES, azul",Unidad,4.0,,,0.0,0.0,595.6,,SILLA,Compra,20000.0,2022-01-01,148.9
108093,20000,,2,1988-S,,2022-07-09,,"Silla inv. SEUL, roja",Unidad,3.0,,,0.0,0.0,453.3,,SILLA,Compra,20000.0,2022-01-01,151.1
108094,10000,,2,1920-S,,2022-07-09,,Mesa de conferencia AMBERES,Unidad,5.0,,,0.0,0.0,2540.0,,ESCRITORIO,Compra,40000.0,2022-01-01,508.0
108095,10000,,2,1972-S,,2022-07-10,,"Silla giratoria MUNICH, amar.",Unidad,6.0,,,0.0,0.0,893.4,,SILLA,Compra,30000.0,2022-01-01,148.9
108096,10000,,2,1968-S,,2022-07-11,,"Silla giratoria MÉXICO, negra",Unidad,7.0,,,0.0,0.0,1042.3,,SILLA,Compra,20000.0,2022-01-01,148.9
108097,10000,,2,1900-S,,2022-07-12,,"Silla inv. PARÍS, negra",Unidad,8.0,,,0.0,0.0,1208.8,,SILLA,Compra,50000.0,2022-01-01,151.1
108097,20000,,2,1980-S,,2022-07-12,,"Silla giratoria MOSCÚ, roja",Unidad,4.0,,,0.0,0.0,595.6,,SILLA,Compra,50000.0,2022-01-01,148.9
108098,10000,,2,1936-S,,2022-07-12,,"BERLIN Guest Chair, yellow",Unidad,8.0,,,0.0,0.0,1208.8,,SILLA,Compra,10000.0,2022-01-01,151.1
108099,10000,,2,1896-S,,2022-07-13,,Escritorio ATENAS,Unidad,10.0,,,0.0,0.0,7846.0,,MESA,Compra,50000.0,2022-01-01,784.6
108100,10000,,2,1960-S,,2022-07-14,,"Silla inv. ROMA, verde",Unidad,7.0,,,0.0,0.0,1057.7,,SILLA,Compra,20000.0,2022-01-01,151.1
108101,10000,,2,1928-S,,2022-07-15,,Lámpara ÁMSTERDAM,Unidad,11.0,,,0.0,0.0,474.1,,VARIOS,Compra,30000.0,2022-01-01,43.1
108102,10000,,2,1996-S,,2022-07-15,,"Pizarra ATLANTA, base",Unidad,7.0,,,0.0,0.0,7667.1,,VARIOS,Compra,40000.0,2022-01-01,1095.3
108103,10000,,2,1964-S,,2022-07-16,,"Silla inv. TOKIO, azul",Unidad,4.0,,,0.0,0.0,604.4,,SILLA,Compra,40000.0,2022-01-01,151.1
108104,10000,,2,2000-S,,2022-07-16,,"Silla giratoria SIDNEY, verde",Unidad,5.0,,,0.0,0.0,744.5,,SILLA,Compra,30000.0,2022-01-01,148.9
108105,10000,,2,1906-S,,2022-07-17,,Pedestal móvil ATENAS,Unidad,7.0,,,0.0,0.0,2379.3,,ESCRITORIO,Compra,30000.0,2022-01-01,339.9
108106,10000,,2,1908-S,,2022-08-09,,"Silla giratoria LONDRES, azul",Unidad,6.0,,,0.0,0.0,893.4,,SILLA,Compra,20000.0,2022-01-01,148.9
108106,20000,,2,1988-S,,2022-08-09,,"Silla inv. SEUL, roja",Unidad,4.0,,,0.0,0.0,604.4,,SILLA,Compra,20000.0,2022-01-01,151.1
108107,10000,,2,1920-S,,2022-08-09,,Mesa de conferencia AMBERES,Unidad,6.0,,,0.0,0.0,3048.0,,ESCRITORIO,Compra,40000.0,2022-01-01,508.0
108108,10000,,2,1972-S,,2022-08-10,,"Silla giratoria MUNICH, amar.",Unidad,6.0,,,0.0,0.0,893.4,,SILLA,Compra,30000.0,2022-01-01,148.9
108109,10000,,2,1968-S,,2022-08-11,,"Silla giratoria MÉXICO, negra",Unidad,8.0,,,0.0,0.0,1191.2,,SILLA,Compra,20000.0,2022-01-01,148.9
108110,10000,,2,1900-S,,2022-08-12,,"Silla inv. PARÍS, negra",Unidad,8.0,,,0.0,0.0,1208.8,,SILLA,Compra,50000.0,2022-01-01,151.1
108110,20000,,2,1980-S,,2022-08-12,,"Silla giratoria MOSCÚ, roja",Unidad,4.0,,,0.0,0.0,595.6,,SILLA,Compra,50000.0,2022-01-01,148.9
108111,10000,,2,1936-S,,2022-08-12,,"BERLIN Guest Chair, yellow",Unidad,9.0,,,0.0,0.0,1359.9,,SILLA,Compra,10000.0,2022-01-01,151.1
108112,10000,,2,1896-S,,2022-08-13,,Escritorio ATENAS,Unidad,11.0,,,0.0,0.0,8630.6,,MESA,Compra,50000.0,2022-01-01,784.6
108113,10000,,2,1960-S,,2022-08-14,,"Silla inv. ROMA, verde",Unidad,7.0,,,0.0,0.0,1057.7,,SILLA,Compra,20000.0,2022-01-01,151.1
108114,10000,,2,1928-S,,2022-08-15,,Lámpara ÁMSTERDAM,Unidad,10.0,,,0.0,0.0,431.0,,VARIOS,Compra,30000.0,2022-01-01,43.1
108115,10000,,2,1996-S,,2022-08-15,,"Pizarra ATLANTA, base",Unidad,9.0,,,0.0,0.0,9857.7,,VARIOS,Compra,40000.0,2022-01-01,1095.3
108116,10000,,2,1964-S,,2022-08-16,,"Silla inv. TOKIO, azul",Unidad,6.0,,,0.0,0.0,906.6,,SILLA,Compra,40000.0,2022-01-01,151.1
108117,10000,,2,2000-S,,2022-08-16,,"Silla giratoria SIDNEY, verde",Unidad,7.0,,,0.0,0.0,1042.3,,SILLA,Compra,30000.0,2022-01-01,148.9
108118,10000,,2,1906-S,,2022-08-17,,Pedestal móvil ATENAS,Unidad,7.0,,,0.0,0.0,2379.3,,ESCRITORIO,Compra,30000.0,2022-01-01,339.9
108119,10000,,2,1908-S,,2022-09-09,,"Silla giratoria LONDRES, azul",Unidad,4.0,,,0.0,0.0,595.6,,SILLA,Compra,20000.0,2022-01-01,148.9
108119,20000,,2,1988-S,,2022-09-09,,"Silla inv. SEUL, roja",Unidad,4.0,,,0.0,0.0,604.4,,SILLA,Compra,20000.0,2022-01-01,151.1
108120,10000,,2,1920-S,,2022-09-09,,Mesa de conferencia AMBERES,Unidad,4.0,,,0.0,0.0,2032.0,,ESCRITORIO,Compra,40000.0,2022-01-01,508.0
108121,10000,,2,1972-S,,2022-09-10,,"Silla giratoria MUNICH, amar.",Unidad,5.0,,,0.0,0.0,744.5,,SILLA,Compra,30000.0,2022-01-01,148.9
108122,10000,,2,1900-S,,2022-09-11,,"Silla inv. PARÍS, negra",Unidad,4.0,,,0.0,0.0,604.4,,SILLA,Compra,50000.0,2022-01-01,151.1
108122,20000,,2,1980-S,,2022-09-11,,"Silla giratoria MOSCÚ, roja",Unidad,3.0,,,0.0,0.0,446.7,,SILLA,Compra,50000.0,2022-01-01,148.9
108123,10000,,2,1968-S,,2022-09-11,,"Silla giratoria MÉXICO, negra",Unidad,5.0,,,0.0,0.0,744.5,,SILLA,Compra,20000.0,2022-01-01,148.9
108124,10000,,2,1936-S,,2022-09-12,,"BERLIN Guest Chair, yellow",Unidad,7.0,,,0.0,0.0,1057.7,,SILLA,Compra,10000.0,2022-01-01,151.1
108125,10000,,2,1896-S,,2022-09-13,,Escritorio ATENAS,Unidad,9.0,,,0.0,0.0,7061.4,,MESA,Compra,50000.0,2022-01-01,784.6
108126,10000,,2,1928-S,,2022-09-14,,Lámpara ÁMSTERDAM,Unidad,9.0,,,0.0,0.0,387.9,,VARIOS,Compra,30000.0,2022-01-01,43.1
108127,10000,,2,1960-S,,2022-09-14,,"Silla inv. ROMA, verde",Unidad,5.0,,,0.0,0.0,755.5,,SILLA,Compra,20000.0,2022-01-01,151.1
108128,10000,,2,1996-S,,2022-09-14,,"Pizarra ATLANTA, base",Unidad,7.0,,,0.0,0.0,7667.1,,VARIOS,Compra,40000.0,2022-01-01,1095.3
108129,10000,,2,1964-S,,2022-09-15,,"Silla inv. TOKIO, azul",Unidad,4.0,,,0.0,0.0,604.4,,SILLA,Compra,40000.0,2022-01-01,151.1
108130,10000,,2,1906-S,,2022-09-16,,Pedestal móvil ATENAS,Unidad,3.0,,,0.0,0.0,1019.7,,ESCRITORIO,Compra,30000.0,2022-01-01,339.9
108130,20000,,2,2000-S,,2022-09-16,,"Silla giratoria SIDNEY, verde",Unidad,5.0,,,0.0,0.0,744.5,,SILLA,Compra,30000.0,2022-01-01,148.9
108131,10000,,2,1908-S,,2022-10-09,,"Silla giratoria LONDRES, azul",Unidad,4.0,,,0.0,0.0,595.6,,SILLA,Compra,20000.0,2022-01-01,148.9
108131,20000,,2,1988-S,,2022-10-09,,"Silla inv. SEUL, roja",Unidad,5.0,,,0.0,0.0,755.5,,SILLA,Compra,20000.0,2022-01-01,151.1
108132,10000,,2,1920-S,,2022-10-09,,Mesa de conferencia AMBERES,Unidad,4.0,,,0.0,0.0,2032.0,,ESCRITORIO,Compra,40000.0,2022-01-01,508.0
108133,10000,,2,1972-S,,2022-10-10,,"Silla giratoria MUNICH, amar.",Unidad,7.0,,,0.0,0.0,1042.3,,SILLA,Compra,30000.0,2022-01-01,148.9
108134,10000,,2,1968-S,,2022-10-11,,"Silla giratoria MÉXICO, negra",Unidad,9.0,,,0.0,0.0,1340.1,,SILLA,Compra,20000.0,2022-01-01,148.9
108135,10000,,2,1900-S,,2022-10-12,,"Silla inv. PARÍS, negra",Unidad,6.0,,,0.0,0.0,906.6,,SILLA,Compra,50000.0,2022-01-01,151.1
108135,20000,,2,1980-S,,2022-10-12,,"Silla giratoria MOSCÚ, roja",Unidad,3.0,,,0.0,0.0,446.7,,SILLA,Compra,50000.0,2022-01-01,148.9
108136,10000,,2,1936-S,,2022-10-12,,"BERLIN Guest Chair, yellow",Unidad,9.0,,,0.0,0.0,1359.9,,SILLA,Compra,10000.0,2022-01-01,151.1
108137,10000,,2,1896-S,,2022-10-13,,Escritorio ATENAS,Unidad,9.0,,,0.0,0.0,7061.4,,MESA,Compra,50000.0,2022-01-01,784.6
108138,10000,,2,1960-S,,2022-10-14,,"Silla inv. ROMA, verde",Unidad,6.0,,,0.0,0.0,906.6,,SILLA,Compra,20000.0,2022-01-01,151.1
108139,10000,,2,1928-S,,2022-10-15,,Lámpara ÁMSTERDAM,Unidad,10.0,,,0.0,0.0,431.0,,VARIOS,Compra,30000.0,2022-01-01,43.1
108140,10000,,2,1996-S,,2022-10-15,,"Pizarra ATLANTA, base",Unidad,7.0,,,0.0,0.0,7667.1,,VARIOS,Compra,40000.0,2022-01-01,1095.3
108141,10000,,2,1964-S,,2022-10-16,,"Silla inv. TOKIO, azul",Unidad,4.0,,,0.0,0.0,604.4,,SILLA,Compra,40000.0,2022-01-01,151.1
108142,10000,,2,2000-S,,2022-10-16,,"Silla giratoria SIDNEY, verde",Unidad,6.0,,,0.0,0.0,893.4,,SILLA,Compra,30000.0,2022-01-01,148.9
108143,10000,,2,1906-S,,2022-10-17,,Pedestal móvil ATENAS,Unidad,10.0,,,0.0,0.0,3399.0,,ESCRITORIO,Compra,30000.0,2022-01-01,339.9
108144,10000,,2,1908-S,,2022-11-09,,"Silla giratoria LONDRES, azul",Unidad,4.0,,,0.0,0.0,595.6,,SILLA,Compra,20000.0,2022-01-01,148.9
108144,20000,,2,1988-S,,2022-11-09,,"Silla inv. SEUL, roja",Unidad,5.0,,,0.0,0.0,755.5,,SILLA,Compra,20000.0,2022-01-01,151.1
108145,10000,,2,1920-S,,2022-11-09,,Mesa de conferencia AMBERES,Unidad,4.0,,,0.0,0.0,2032.0,,ESCRITORIO,Compra,40000.0,2022-01-01,508.0
108146,10000,,2,1972-S,,2022-11-10,,"Silla giratoria MUNICH, amar.",Unidad,5.0,,,0.0,0.0,744.5,,SILLA,Compra,30000.0,2022-01-01,148.9
108147,10000,,2,1900-S,,2022-11-11,,"Silla inv. PARÍS, negra",Unidad,7.0,,,0.0,0.0,1057.7,,SILLA,Compra,50000.0,2022-01-01,151.1
108147,20000,,2,1980-S,,2022-11-11,,"Silla giratoria MOSCÚ, roja",Unidad,3.0,,,0.0,0.0,446.7,,SILLA,Compra,50000.0,2022-01-01,148.9
108148,10000,,2,1968-S,,2022-11-11,,"Silla giratoria MÉXICO, negra",Unidad,6.0,,,0.0,0.0,893.4,,SILLA,Compra,20000.0,2022-01-01,148.9
108149,10000,,2,1936-S,,2022-11-12,,"BERLIN Guest Chair, yellow",Unidad,7.0,,,0.0,0.0,1057.7,,SILLA,Compra,10000.0,2022-01-01,151.1
108150,10000,,2,1896-S,,2022-11-13,,Escritorio ATENAS,Unidad,8.0,,,0.0,0.0,6276.8,,MESA,Compra,50000.0,2022-01-01,784.6
108151,10000,,2,1928-S,,2022-11-14,,Lámpara ÁMSTERDAM,Unidad,9.0,,,0.0,0.0,387.9,,VARIOS,Compra,30000.0,2022-01-01,43.1
108152,10000,,2,1960-S,,2022-11-14,,"Silla inv. ROMA, verde",Unidad,6.0,,,0.0,0.0,906.6,,SILLA,Compra,20000.0,2022-01-01,151.1
108153,10000,,2,1996-S,,2022-11-14,,"Pizarra ATLANTA, base",Unidad,6.0,,,0.0,0.0,6571.8,,VARIOS,Compra,40000.0,2022-01-01,1095.3
108154,10000,,2,1964-S,,2022-11-15,,"Silla inv. TOKIO, azul",Unidad,4.0,,,0.0,0.0,604.4,,SILLA,Compra,40000.0,2022-01-01,151.1
108155,10000,,2,1906-S,,2022-11-16,,Pedestal móvil ATENAS,Unidad,6.0,,,0.0,0.0,2039.4,,ESCRITORIO,Compra,30000.0,2022-01-01,339.9
108155,20000,,2,2000-S,,2022-11-16,,"Silla giratoria SIDNEY, verde",Unidad,5.0,,,0.0,0.0,744.5,,SILLA,Compra,30000.0,2022-01-01,148.9
108156,10000,,2,1908-S,,2022-12-09,,"Silla giratoria LONDRES, azul",Unidad,3.0,,,0.0,0.0,446.7,,SILLA,Compra,20000.0,2022-01-01,148.9
108157,10000,,2,1920-S,,2022-12-09,,Mesa de conferencia AMBERES,Unidad,2.0,,,0.0,0.0,1016.0,,ESCRITORIO,Compra,40000.0,2022-01-01,508.0
108158,10000,,2,1972-S,,2022-12-10,,"Silla giratoria MUNICH, amar.",Unidad,3.0,,,0.0,0.0,446.7,,SILLA,Compra,30000.0,2022-01-01,148.9
108159,10000,,2,1988-S,,2022-12-10,,"Silla inv. SEUL, roja",Unidad,3.0,,,0.0,0.0,453.3,,SILLA,Compra,40000.0,2022-01-01,151.1
108160,10000,,2,1968-S,,2022-12-11,,"Silla giratoria MÉXICO, negra",Unidad,4.0,,,0.0,0.0,595.6,,SILLA,Compra,20000.0,2022-01-01,148.9
108161,10000,,2,1900-S,,2022-12-12,,"Silla inv. PARÍS, negra",Unidad,3.0,,,0.0,0.0,453.3,,SILLA,Compra,50000.0,2022-01-01,151.1
108162,10000,,2,1936-S,,2022-12-12,,"BERLIN Guest Chair, yellow",Unidad,5.0,,,0.0,0.0,755.5,,SILLA,Compra,10000.0,2022-01-01,151.1
108163,10000,,2,1896-S,,2022-12-13,,Escritorio ATENAS,Unidad,6.0,,,0.0,0.0,4707.6,,MESA,Compra,50000.0,2022-01-01,784.6
108163,20000,,2,1980-S,,2022-12-13,,"Silla giratoria MOSCÚ, roja",Unidad,2.0,,,0.0,0.0,297.8,,SILLA,Compra,50000.0,2022-01-01,148.9
108164,10000,,2,2000-S,,2022-12-13,,"Silla giratoria SIDNEY, verde",Unidad,3.0,,,0.0,0.0,446.7,,SILLA,Compra,30000.0,2022-01-01,148.9
108165,10000,,2,1960-S,,2022-12-14,,"Silla inv. ROMA, verde",Unidad,4.0,,,0.0,0.0,604.4,,SILLA,Compra,20000.0,2022-01-01,151.1
108166,10000,,2,1928-S,,2022-12-15,,Lámpara ÁMSTERDAM,Unidad,6.0,,,0.0,0.0,258.6,,VARIOS,Compra,30000.0,2022-01-01,43.1
108167,10000,,2,1996-S,,2022-12-15,,"Pizarra ATLANTA, base",Unidad,4.0,,,0.0,0.0,4381.2,,VARIOS,Compra,50000.0,2022-01-01,1095.3
108168,10000,,2,1964-S,,2022-12-16,,"Silla inv. TOKIO, azul",Unidad,2.0,,,0.0,0.0,302.2,,SILLA,Compra,40000.0,2022-01-01,151.1
108169,10000,,2,1906-S,,2022-12-17,,Pedestal móvil ATENAS,Unidad,2.0,,,0.0,0.0,679.8,,ESCRITORIO,Compra,30000.0,2022-01-01,339.9
108170,10000,,2,1908-S,,2023-01-09,,"Silla giratoria LONDRES, azul",Unidad,5.0,,,0.0,0.0,744.5,,SILLA,Compra,20000.0,2022-01-01,148.9
108170,20000,,2,1988-S,,2023-01-09,,"Silla inv. SEUL, roja",Unidad,5.0,,,0.0,0.0,755.5,,SILLA,Compra,20000.0,2022-01-01,151.1
108171,10000,,2,1920-S,,2023-01-09,,Mesa de conferencia AMBERES,Unidad,6.0,,,0.0,0.0,3048.0,,ESCRITORIO,Compra,40000.0,2022-01-01,508.0
108172,10000,,2,1972-S,,2023-01-10,,"Silla giratoria MUNICH, amar.",Unidad,6.0,,,0.0,0.0,893.4,,SILLA,Compra,30000.0,2022-01-01,148.9
108173,10000,,2,1968-S,,2023-01-11,,"Silla giratoria MÉXICO, negra",Unidad,7.0,,,0.0,0.0,1042.3,,SILLA,Compra,20000.0,2022-01-01,148.9
108174,10000,,2,1900-S,,2023-01-12,,"Silla inv. PARÍS, negra",Unidad,8.0,,,0.0,0.0,1208.8,,SILLA,Compra,50000.0,2022-01-01,151.1
108174,20000,,2,1980-S,,2023-01-12,,"Silla giratoria MOSCÚ, roja",Unidad,4.0,,,0.0,0.0,595.6,,SILLA,Compra,50000.0,2022-01-01,148.9
108175,10000,,2,1936-S,,2023-01-12,,"BERLIN Guest Chair, yellow",Unidad,9.0,,,0.0,0.0,1359.9,,SILLA,Compra,10000.0,2022-01-01,151.1
108176,10000,,2,1896-S,,2023-01-13,,Escritorio ATENAS,Unidad,10.0,,,0.0,0.0,7846.0,,MESA,Compra,50000.0,2022-01-01,784.6
108177,10000,,2,1960-S,,2023-01-14,,"Silla inv. ROMA, verde",Unidad,7.0,,,0.0,0.0,1057.7,,SILLA,Compra,20000.0,2022-01-01,151.1
108178,10000,,2,1928-S,,2023-01-15,,Lámpara ÁMSTERDAM,Unidad,11.0,,,0.0,0.0,474.1,,VARIOS,Compra,30000.0,2022-01-01,43.1
108179,10000,,2,1996-S,,2023-01-15,,"Pizarra ATLANTA, base",Unidad,7.0,,,0.0,0.0,7667.1,,VARIOS,Compra,40000.0,2022-01-01,1095.3
108180,10000,,2,1964-S,,2023-01-16,,"Silla inv. TOKIO, azul",Unidad,6.0,,,0.0,0.0,906.6,,SILLA,Compra,40000.0,2022-01-01,151.1
108181,10000,,2,2000-S,,2023-01-16,,"Silla giratoria SIDNEY, verde",Unidad,5.0,,,0.0,0.0,744.5,,SILLA,Compra,30000.0,2022-01-01,148.9
108182,10000,,2,1906-S,,2023-01-17,,Pedestal móvil ATENAS,Unidad,6.0,,,0.0,0.0,2039.4,,ESCRITORIO,Compra,30000.0,2022-01-01,339.9
108183,10000,,2,1908-S,,2023-02-09,,"Silla giratoria LONDRES, azul",Unidad,6.0,,,0.0,0.0,893.4,,SILLA,Compra,20000.0,2022-01-01,148.9
108183,20000,,2,1988-S,,2023-02-09,,"Silla inv. SEUL, roja",Unidad,6.0,,,0.0,0.0,906.6,,SILLA,Compra,20000.0,2022-01-01,151.1
108184,10000,,2,1920-S,,2023-02-09,,Mesa de conferencia AMBERES,Unidad,6.0,,,0.0,0.0,3048.0,,ESCRITORIO,Compra,40000.0,2022-01-01,508.0
108185,10000,,2,1972-S,,2023-02-10,,"Silla giratoria MUNICH, amar.",Unidad,7.0,,,0.0,0.0,1042.3,,SILLA,Compra,30000.0,2022-01-01,148.9
108186,10000,,2,1900-S,,2023-02-11,,"Silla inv. PARÍS, negra",Unidad,12.0,,,0.0,0.0,1813.2,,SILLA,Compra,50000.0,2022-01-01,151.1
108186,20000,,2,1980-S,,2023-02-11,,"Silla giratoria MOSCÚ, roja",Unidad,4.0,,,0.0,0.0,595.6,,SILLA,Compra,50000.0,2022-01-01,148.9
108187,10000,,2,1936-S,,2023-02-11,,"BERLIN Guest Chair, yellow",Unidad,11.0,,,0.0,0.0,1662.1,,SILLA,Compra,10000.0,2022-01-01,151.1
108188,10000,,2,1968-S,,2023-02-11,,"Silla giratoria MÉXICO, negra",Unidad,6.0,,,0.0,0.0,893.4,,SILLA,Compra,20000.0,2022-01-01,148.9
108189,10000,,2,1896-S,,2023-02-13,,Escritorio ATENAS,Unidad,15.0,,,0.0,0.0,11769.0,,MESA,Compra,50000.0,2022-01-01,784.6
108190,10000,,2,1960-S,,2023-02-13,,"Silla inv. ROMA, verde",Unidad,8.0,,,0.0,0.0,1208.8,,SILLA,Compra,20000.0,2022-01-01,151.1
108191,10000,,2,1928-S,,2023-02-14,,Lámpara ÁMSTERDAM,Unidad,13.0,,,0.0,0.0,560.3,,VARIOS,Compra,30000.0,2022-01-01,43.1
108192,10000,,2,1996-S,,2023-02-14,,"Pizarra ATLANTA, base",Unidad,10.0,,,0.0,0.0,10953.0,,VARIOS,Compra,40000.0,2022-01-01,1095.3
108193,10000,,2,1964-S,,2023-02-15,,"Silla inv. TOKIO, azul",Unidad,5.0,,,0.0,0.0,755.5,,SILLA,Compra,40000.0,2022-01-01,151.1
108194,10000,,2,2000-S,,2023-02-15,,"Silla giratoria SIDNEY, verde",Unidad,7.0,,,0.0,0.0,1042.3,,SILLA,Compra,30000.0,2022-01-01,148.9
108195,10000,,2,1906-S,,2023-02-16,,Pedestal móvil ATENAS,Unidad,10.0,,,0.0,0.0,3399.0,,ESCRITORIO,Compra,30000.0,2022-01-01,339.9
108196,10000,,2,1908-S,,2023-03-09,,"Silla giratoria LONDRES, azul",Unidad,7.0,,,0.0,0.0,1042.3,,SILLA,Compra,20000.0,2022-01-01,148.9
108196,20000,,2,1988-S,,2023-03-09,,"Silla inv. SEUL, roja",Unidad,7.0,,,0.0,0.0,1057.7,,SILLA,Compra,20000.0,2022-01-01,151.1
108197,10000,,2,1920-S,,2023-03-09,,Mesa de conferencia AMBERES,Unidad,6.0,,,0.0,0.0,3048.0,,ESCRITORIO,Compra,40000.0,2022-01-01,508.0
108198,10000,,2,1972-S,,2023-03-10,,"Silla giratoria MUNICH, amar.",Unidad,9.0,,,0.0,0.0,1340.1,,SILLA,Compra,30000.0,2022-01-01,148.9
108199,10000,,2,1968-S,,2023-03-11,,"Silla giratoria MÉXICO, negra",Unidad,8.0,,,0.0,0.0,1191.2,,SILLA,Compra,20000.0,2022-01-01,148.9
108200,10000,,2,1900-S,,2023-03-12,,"Silla inv. PARÍS, negra",Unidad,10.0,,,0.0,0.0,1511.0,,SILLA,Compra,50000.0,2022-01-01,151.1
108200,20000,,2,1980-S,,2023-03-12,,"Silla giratoria MOSCÚ, roja",Unidad,5.0,,,0.0,0.0,744.5,,SILLA,Compra,50000.0,2022-01-01,148.9
108201,10000,,2,1936-S,,2023-03-12,,"BERLIN Guest Chair, yellow",Unidad,13.0,,,0.0,0.0,1964.3,,SILLA,Compra,10000.0,2022-01-01,151.1
108202,10000,,2,1896-S,,2023-03-13,,Escritorio ATENAS,Unidad,18.0,,,0.0,0.0,14122.8,,MESA,Compra,50000.0,2022-01-01,784.6
108203,10000,,2,1960-S,,2023-03-14,,"Silla inv. ROMA, verde",Unidad,9.0,,,0.0,0.0,1359.9,,SILLA,Compra,20000.0,2022-01-01,151.1
108204,10000,,2,1928-S,,2023-03-15,,Lámpara ÁMSTERDAM,Unidad,16.0,,,0.0,0.0,689.6,,VARIOS,Compra,30000.0,2022-01-01,43.1
108205,10000,,2,1996-S,,2023-03-15,,"Pizarra ATLANTA, base",Unidad,12.0,,,0.0,0.0,13143.6,,VARIOS,Compra,40000.0,2022-01-01,1095.3
108206,10000,,2,1964-S,,2023-03-16,,"Silla inv. TOKIO, azul",Unidad,7.0,,,0.0,0.0,1057.7,,SILLA,Compra,40000.0,2022-01-01,151.1
108207,10000,,2,2000-S,,2023-03-16,,"Silla giratoria SIDNEY, verde",Unidad,8.0,,,0.0,0.0,1191.2,,SILLA,Compra,30000.0,2022-01-01,148.9
108208,10000,,2,1906-S,,2023-03-17,,Pedestal móvil ATENAS,Unidad,10.0,,,0.0,0.0,3399.0,,ESCRITORIO,Compra,30000.0,2022-01-01,339.9
