Document No_,Line No_,Sell-to Customer No_,No_,Location Code,Posting Date,Shipment Date,Description_x,Unit of Measure,Quantity,Unit Price,Unit Cost (LCY),Amount,Amount Including VAT,Item Category Code_x,Tipo,Expected Receipt Date,Description_y,Base Unit of Measure,Item Category Code_y,Cantidad en Inventario,Month,Year,Day
103001,10000,20000.0,1928-S,PRINCIPAL,2022-01-18,2023-04-16,Lámpara ÁMSTERDAM,Unidad,3.0,55.2,43.1,165.6,200.38,VARIOS,Venta,2022-01-01,Lámpara ÁMSTERDAM,UDS,VARIOS,8.0,1,2022,18
103002,10000,10000.0,1960-S,PRINCIPAL,2022-01-19,2023-04-16,"Silla inv. ROMA, verde",Unidad,4.0,193.7,151.1,774.8,937.51,SILLA,Venta,2022-01-01,"Silla inv. ROMA, verde",UDS,SILLA,2.0,1,2022,19
103003,10000,30000.0,1988-S,PRINCIPAL,2022-01-20,2023-04-16,"SEOUL Guest Chair, red",Piece,1.0,193.7,151.1,193.7,193.7,SILLA,Venta,2022-01-01,"Silla inv. SEUL, roja",UDS,SILLA,0.0,1,2022,20
103004,10000,50000.0,1968-S,PRINCIPAL,2022-01-21,2023-04-16,"Silla giratoria MÉXICO, negra",Unidad,2.0,191.0,148.9,382.0,462.22,SILLA,Venta,2022-01-01,"Silla giratoria MÉXICO, negra",UDS,SILLA,10.0,1,2022,21
103005,10000,40000.0,1960-S,PRINCIPAL,2022-01-22,2023-04-16,"Silla inv. ROMA, verde",stück,2.0,193.7,151.1,387.4,387.4,SILLA,Venta,2022-01-01,"Silla inv. ROMA, verde",UDS,SILLA,2.0,1,2022,22
103006,10000,20000.0,1900-S,PRINCIPAL,2022-01-23,2023-04-16,"Silla inv. PARÍS, negra",Unidad,4.0,193.7,151.1,774.8,937.51,SILLA,Venta,2022-01-01,"Silla inv. PARÍS, negra",UDS,SILLA,0.0,1,2022,23
103006,20000,20000.0,1964-S,PRINCIPAL,2022-01-23,2023-04-16,"Silla inv. TOKIO, azul",Unidad,5.0,193.7,151.1,968.5,1171.88,SILLA,Venta,2022-01-01,"Silla inv. TOKIO, azul",UDS,SILLA,4.0,1,2022,23
103006,30000,20000.0,1980-S,PRINCIPAL,2022-01-23,2023-04-16,"Silla giratoria MOSCÚ, roja",Unidad,3.0,191.0,148.9,573.0,693.33,SILLA,Venta,2022-01-01,"Silla giratoria MOSCÚ, roja",UDS,SILLA,0.0,1,2022,23
103007,10000,10000.0,1896-S,PRINCIPAL,2022-01-23,2023-04-16,Escritorio ATENAS,Unidad,5.0,1005.8,784.6,5029.0,6085.09,MESA,Venta,2022-01-01,Escritorio ATENAS,UDS,MESA,4.0,1,2022,23
103007,20000,10000.0,1972-S,PRINCIPAL,2022-01-23,2023-04-16,"Silla giratoria MUNICH, amar.",Unidad,2.0,191.0,148.9,382.0,462.22,SILLA,Venta,2022-01-01,"Silla giratoria MUNICH, amar.",UDS,SILLA,0.0,1,2022,23
103007,30000,10000.0,1996-S,PRINCIPAL,2022-01-23,2023-04-16,"Pizarra ATLANTA, base",Unidad,4.0,1404.3,1095.3,5617.2,6796.81,VARIOS,Venta,2022-01-01,"Pizarra ATLANTA, base",UDS,VARIOS,10.0,1,2022,23
103008,10000,50000.0,1906-S,PRINCIPAL,2022-01-25,2023-04-16,Pedestal móvil ATENAS,Unidad,6.0,435.8,339.9,2614.8,3163.91,ESCRITORIO,Venta,2022-01-01,Pedestal móvil ATENAS,UDS,ESCRITORIO,5.0,1,2022,25
103009,10000,30000.0,1928-S,PRINCIPAL,2022-01-26,2023-04-16,Lámpara giratoria roja,Piece,7.0,55.2,43.1,386.4,386.4,VARIOS,Venta,2022-01-01,Lámpara ÁMSTERDAM,UDS,VARIOS,8.0,1,2022,26
103010,10000,40000.0,1908-S,PRINCIPAL,2022-01-26,2023-04-16,"Silla giratoria LONDRES, azul",stück,5.0,191.0,148.9,955.0,955.0,SILLA,Venta,2022-01-01,"Silla giratoria LONDRES, azul",UDS,SILLA,3.0,1,2022,26
103010,20000,40000.0,1920-S,PRINCIPAL,2022-01-26,2023-04-16,Mesa de conferencia AMBERES,stück,3.0,651.1,508.0,1953.3,1953.3,ESCRITORIO,Venta,2022-01-01,Mesa de conferencia AMBERES,UDS,ESCRITORIO,10.0,1,2022,26
103010,30000,40000.0,1968-S,PRINCIPAL,2022-01-26,2023-04-16,"Silla giratoria MÉXICO, negra",stück,4.0,191.0,148.9,764.0,764.0,SILLA,Venta,2022-01-01,"Silla giratoria MÉXICO, negra",UDS,SILLA,10.0,1,2022,26
103010,40000,40000.0,1980-S,PRINCIPAL,2022-01-26,2023-04-16,"Silla giratoria MOSCÚ, roja",stück,1.0,191.0,148.9,191.0,191.0,SILLA,Venta,2022-01-01,"Silla giratoria MOSCÚ, roja",UDS,SILLA,0.0,1,2022,26
103011,10000,20000.0,1900-S,PRINCIPAL,2022-01-28,2023-04-16,"Silla inv. PARÍS, negra",Unidad,4.0,193.7,151.1,774.8,937.51,SILLA,Venta,2022-01-01,"Silla inv. PARÍS, negra",UDS,SILLA,0.0,1,2022,28
103012,10000,30000.0,1896-S,PRINCIPAL,2022-01-29,2023-04-16,ATHENS Desk,Piece,4.0,1005.8,784.6,4023.2,4023.2,MESA,Venta,2022-01-01,Escritorio ATENAS,UDS,MESA,4.0,1,2022,29
103012,20000,30000.0,1936-S,PRINCIPAL,2022-01-29,2023-04-16,"BERLIN Guest Chair, yellow",Piece,8.0,193.7,151.1,1549.6,1549.6,SILLA,Venta,2022-01-01,"Silla invit. BERLÍN, amar.",UDS,SILLA,100.0,1,2022,29
103012,30000,30000.0,1972-S,PRINCIPAL,2022-01-29,2023-04-16,"MUNICH Swivel Chair, yellow",Piece,5.0,191.0,148.9,955.0,955.0,SILLA,Venta,2022-01-01,"Silla giratoria MUNICH, amar.",UDS,SILLA,0.0,1,2022,29
103012,40000,30000.0,1996-S,PRINCIPAL,2022-01-29,2023-04-16,"ATLANTA Whiteboard, base",Piece,3.0,1404.3,1095.3,4212.9,4212.9,VARIOS,Venta,2022-01-01,"Pizarra ATLANTA, base",UDS,VARIOS,10.0,1,2022,29
103013,10000,50000.0,1920-S,PRINCIPAL,2022-01-31,2023-04-16,Mesa de conferencia AMBERES,Unidad,2.0,651.1,508.0,1302.2,1575.66,ESCRITORIO,Venta,2022-01-01,Mesa de conferencia AMBERES,UDS,ESCRITORIO,10.0,1,2022,31
103013,20000,50000.0,1988-S,PRINCIPAL,2022-01-31,2023-04-16,"Silla inv. SEUL, roja",Unidad,4.0,193.7,151.1,774.8,937.51,SILLA,Venta,2022-01-01,"Silla inv. SEUL, roja",UDS,SILLA,0.0,1,2022,31
103014,10000,30000.0,1960-S,PRINCIPAL,2022-02-01,2023-04-16,"ROME Guest Chair, green",Piece,1.0,193.7,151.1,193.7,193.7,SILLA,Venta,2022-01-01,"Silla inv. ROMA, verde",UDS,SILLA,2.0,2,2022,1
103014,20000,30000.0,2000-S,PRINCIPAL,2022-02-01,2023-04-16,"SYDNEY Swivel Chair, green",Piece,5.0,191.0,148.9,955.0,955.0,SILLA,Venta,2022-01-01,"Silla giratoria SIDNEY, verde",UDS,SILLA,38.0,2,2022,1
103015,10000,20000.0,1928-S,PRINCIPAL,2022-02-17,2023-04-16,Lámpara ÁMSTERDAM,Unidad,3.0,55.2,43.1,165.6,200.38,VARIOS,Venta,2022-01-01,Lámpara ÁMSTERDAM,UDS,VARIOS,8.0,2,2022,17
103016,10000,10000.0,1960-S,PRINCIPAL,2022-02-17,2023-04-16,"Silla inv. ROMA, verde",Unidad,4.0,193.7,151.1,774.8,937.51,SILLA,Venta,2022-01-01,"Silla inv. ROMA, verde",UDS,SILLA,2.0,2,2022,17
103017,10000,30000.0,1988-S,PRINCIPAL,2022-02-19,2023-04-16,"SEOUL Guest Chair, red",Piece,1.0,193.7,151.1,193.7,193.7,SILLA,Venta,2022-01-01,"Silla inv. SEUL, roja",UDS,SILLA,0.0,2,2022,19
103018,10000,40000.0,1960-S,PRINCIPAL,2022-02-20,2023-04-16,"Silla inv. ROMA, verde",stück,2.0,193.7,151.1,387.4,387.4,SILLA,Venta,2022-01-01,"Silla inv. ROMA, verde",UDS,SILLA,2.0,2,2022,20
103019,10000,20000.0,1900-S,PRINCIPAL,2022-02-21,2023-04-16,"Silla inv. PARÍS, negra",Unidad,5.0,193.7,151.1,968.5,1171.89,SILLA,Venta,2022-01-01,"Silla inv. PARÍS, negra",UDS,SILLA,0.0,2,2022,21
103019,20000,20000.0,1964-S,PRINCIPAL,2022-02-21,2023-04-16,"Silla inv. TOKIO, azul",Unidad,5.0,193.7,151.1,968.5,1171.88,SILLA,Venta,2022-01-01,"Silla inv. TOKIO, azul",UDS,SILLA,4.0,2,2022,21
103019,30000,20000.0,1980-S,PRINCIPAL,2022-02-21,2023-04-16,"Silla giratoria MOSCÚ, roja",Unidad,3.0,191.0,148.9,573.0,693.33,SILLA,Venta,2022-01-01,"Silla giratoria MOSCÚ, roja",UDS,SILLA,0.0,2,2022,21
103020,10000,10000.0,1896-S,PRINCIPAL,2022-02-21,2023-04-16,Escritorio ATENAS,Unidad,7.0,1005.8,784.6,7040.6,8519.13,MESA,Venta,2022-01-01,Escritorio ATENAS,UDS,MESA,4.0,2,2022,21
103020,20000,10000.0,1972-S,PRINCIPAL,2022-02-21,2023-04-16,"Silla giratoria MUNICH, amar.",Unidad,2.0,191.0,148.9,382.0,462.22,SILLA,Venta,2022-01-01,"Silla giratoria MUNICH, amar.",UDS,SILLA,0.0,2,2022,21
103020,30000,10000.0,1996-S,PRINCIPAL,2022-02-21,2023-04-16,"Pizarra ATLANTA, base",Unidad,4.0,1404.3,1095.3,5617.2,6796.81,VARIOS,Venta,2022-01-01,"Pizarra ATLANTA, base",UDS,VARIOS,10.0,2,2022,21
103021,10000,50000.0,1906-S,PRINCIPAL,2022-02-22,2023-04-16,Pedestal móvil ATENAS,Unidad,8.0,435.8,339.9,3486.4,4218.54,ESCRITORIO,Venta,2022-01-01,Pedestal móvil ATENAS,UDS,ESCRITORIO,5.0,2,2022,22
103021,20000,50000.0,1968-S,PRINCIPAL,2022-02-22,2023-04-16,"Silla giratoria MÉXICO, negra",Unidad,2.0,191.0,148.9,382.0,462.22,SILLA,Venta,2022-01-01,"Silla giratoria MÉXICO, negra",UDS,SILLA,10.0,2,2022,22
103022,10000,40000.0,1908-S,PRINCIPAL,2022-02-24,2023-04-16,"Silla giratoria LONDRES, azul",stück,5.0,191.0,148.9,955.0,955.0,SILLA,Venta,2022-01-01,"Silla giratoria LONDRES, azul",UDS,SILLA,3.0,2,2022,24
103022,20000,40000.0,1920-S,PRINCIPAL,2022-02-24,2023-04-16,Mesa de conferencia AMBERES,stück,2.0,651.1,508.0,1302.2,1302.2,ESCRITORIO,Venta,2022-01-01,Mesa de conferencia AMBERES,UDS,ESCRITORIO,10.0,2,2022,24
103022,30000,40000.0,1968-S,PRINCIPAL,2022-02-24,2023-04-16,"Silla giratoria MÉXICO, negra",stück,4.0,191.0,148.9,764.0,764.0,SILLA,Venta,2022-01-01,"Silla giratoria MÉXICO, negra",UDS,SILLA,10.0,2,2022,24
103022,40000,40000.0,1980-S,PRINCIPAL,2022-02-24,2023-04-16,"Silla giratoria MOSCÚ, roja",stück,1.0,191.0,148.9,191.0,191.0,SILLA,Venta,2022-01-01,"Silla giratoria MOSCÚ, roja",UDS,SILLA,0.0,2,2022,24
103023,10000,20000.0,1900-S,PRINCIPAL,2022-02-25,2023-04-16,"Silla inv. PARÍS, negra",Unidad,5.0,193.7,151.1,968.5,1171.89,SILLA,Venta,2022-01-01,"Silla inv. PARÍS, negra",UDS,SILLA,0.0,2,2022,25
103024,10000,30000.0,1896-S,PRINCIPAL,2022-02-25,2023-04-16,ATHENS Desk,Piece,6.0,1005.8,784.6,6034.8,6034.8,MESA,Venta,2022-01-01,Escritorio ATENAS,UDS,MESA,4.0,2,2022,25
103024,20000,30000.0,1928-S,PRINCIPAL,2022-02-25,2023-04-16,Lámpara giratoria roja,Piece,8.0,55.2,43.1,441.6,441.6,VARIOS,Venta,2022-01-01,Lámpara ÁMSTERDAM,UDS,VARIOS,8.0,2,2022,25
103024,30000,30000.0,1936-S,PRINCIPAL,2022-02-25,2023-04-16,"BERLIN Guest Chair, yellow",Piece,9.0,193.7,151.1,1743.3,1743.3,SILLA,Venta,2022-01-01,"Silla invit. BERLÍN, amar.",UDS,SILLA,100.0,2,2022,25
103024,40000,30000.0,1996-S,PRINCIPAL,2022-02-25,2023-04-16,"ATLANTA Whiteboard, base",Piece,2.0,1404.3,1095.3,2808.6,2808.6,VARIOS,Venta,2022-01-01,"Pizarra ATLANTA, base",UDS,VARIOS,10.0,2,2022,25
103025,10000,30000.0,1960-S,PRINCIPAL,2022-02-28,2023-04-16,"ROME Guest Chair, green",Piece,1.0,193.7,151.1,193.7,193.7,SILLA,Venta,2022-01-01,"Silla inv. ROMA, verde",UDS,SILLA,2.0,2,2022,28
103025,20000,30000.0,1972-S,PRINCIPAL,2022-02-28,2023-04-16,"MUNICH Swivel Chair, yellow",Piece,5.0,191.0,148.9,955.0,955.0,SILLA,Venta,2022-01-01,"Silla giratoria MUNICH, amar.",UDS,SILLA,0.0,2,2022,28
103025,30000,30000.0,2000-S,PRINCIPAL,2022-02-28,2023-04-16,"SYDNEY Swivel Chair, green",Piece,5.0,191.0,148.9,955.0,955.0,SILLA,Venta,2022-01-01,"Silla giratoria SIDNEY, verde",UDS,SILLA,38.0,2,2022,28
103026,10000,50000.0,1920-S,PRINCIPAL,2022-02-28,2023-04-16,Mesa de conferencia AMBERES,Unidad,2.0,651.1,508.0,1302.2,1575.66,ESCRITORIO,Venta,2022-01-01,Mesa de conferencia AMBERES,UDS,ESCRITORIO,10.0,2,2022,28
103026,20000,50000.0,1988-S,PRINCIPAL,2022-02-28,2023-04-16,"Silla inv. SEUL, roja",Unidad,4.0,193.7,151.1,774.8,937.51,SILLA,Venta,2022-01-01,"Silla inv. SEUL, roja",UDS,SILLA,0.0,2,2022,28
103027,10000,20000.0,1928-S,PRINCIPAL,2022-03-18,2023-04-16,Lámpara ÁMSTERDAM,Unidad,3.0,55.2,43.1,165.6,200.38,VARIOS,Venta,2022-01-01,Lámpara ÁMSTERDAM,UDS,VARIOS,8.0,3,2022,18
103028,10000,10000.0,1960-S,PRINCIPAL,2022-03-19,2023-04-16,"Silla inv. ROMA, verde",Unidad,5.0,193.7,151.1,968.5,1171.89,SILLA,Venta,2022-01-01,"Silla inv. ROMA, verde",UDS,SILLA,2.0,3,2022,19
103029,10000,30000.0,1988-S,PRINCIPAL,2022-03-20,2023-04-16,"SEOUL Guest Chair, red",Piece,2.0,193.7,151.1,387.4,387.4,SILLA,Venta,2022-01-01,"Silla inv. SEUL, roja",UDS,SILLA,0.0,3,2022,20
103030,10000,50000.0,1968-S,PRINCIPAL,2022-03-21,2023-04-16,"Silla giratoria MÉXICO, negra",Unidad,2.0,191.0,148.9,382.0,462.22,SILLA,Venta,2022-01-01,"Silla giratoria MÉXICO, negra",UDS,SILLA,10.0,3,2022,21
103031,10000,40000.0,1960-S,PRINCIPAL,2022-03-22,2023-04-16,"Silla inv. ROMA, verde",stück,2.0,193.7,151.1,387.4,387.4,SILLA,Venta,2022-01-01,"Silla inv. ROMA, verde",UDS,SILLA,2.0,3,2022,22
103032,10000,20000.0,1900-S,PRINCIPAL,2022-03-23,2023-04-16,"Silla inv. PARÍS, negra",Unidad,5.0,193.7,151.1,968.5,1171.89,SILLA,Venta,2022-01-01,"Silla inv. PARÍS, negra",UDS,SILLA,0.0,3,2022,23
103032,20000,20000.0,1964-S,PRINCIPAL,2022-03-23,2023-04-16,"Silla inv. TOKIO, azul",Unidad,6.0,193.7,151.1,1162.2,1406.26,SILLA,Venta,2022-01-01,"Silla inv. TOKIO, azul",UDS,SILLA,4.0,3,2022,23
103032,30000,20000.0,1980-S,PRINCIPAL,2022-03-23,2023-04-16,"Silla giratoria MOSCÚ, roja",Unidad,5.0,191.0,148.9,955.0,1155.55,SILLA,Venta,2022-01-01,"Silla giratoria MOSCÚ, roja",UDS,SILLA,0.0,3,2022,23
103033,10000,10000.0,1896-S,PRINCIPAL,2022-03-23,2023-04-16,Escritorio ATENAS,Unidad,8.0,1005.8,784.6,8046.4,9736.14,MESA,Venta,2022-01-01,Escritorio ATENAS,UDS,MESA,4.0,3,2022,23
103033,20000,10000.0,1972-S,PRINCIPAL,2022-03-23,2023-04-16,"Silla giratoria MUNICH, amar.",Unidad,3.0,191.0,148.9,573.0,693.33,SILLA,Venta,2022-01-01,"Silla giratoria MUNICH, amar.",UDS,SILLA,0.0,3,2022,23
103033,30000,10000.0,1996-S,PRINCIPAL,2022-03-23,2023-04-16,"Pizarra ATLANTA, base",Unidad,6.0,1404.3,1095.3,8425.8,10195.22,VARIOS,Venta,2022-01-01,"Pizarra ATLANTA, base",UDS,VARIOS,10.0,3,2022,23
103034,10000,50000.0,1906-S,PRINCIPAL,2022-03-25,2023-04-16,Pedestal móvil ATENAS,Unidad,9.0,435.8,339.9,3922.2,4745.86,ESCRITORIO,Venta,2022-01-01,Pedestal móvil ATENAS,UDS,ESCRITORIO,5.0,3,2022,25
103035,10000,30000.0,1928-S,PRINCIPAL,2022-03-26,2023-04-16,Lámpara giratoria roja,Piece,10.0,55.2,43.1,552.0,552.0,VARIOS,Venta,2022-01-01,Lámpara ÁMSTERDAM,UDS,VARIOS,8.0,3,2022,26
103036,10000,40000.0,1908-S,PRINCIPAL,2022-03-26,2023-04-16,"Silla giratoria LONDRES, azul",stück,6.0,191.0,148.9,1146.0,1146.0,SILLA,Venta,2022-01-01,"Silla giratoria LONDRES, azul",UDS,SILLA,3.0,3,2022,26
103036,20000,40000.0,1920-S,PRINCIPAL,2022-03-26,2023-04-16,Mesa de conferencia AMBERES,stück,4.0,651.1,508.0,2604.4,2604.4,ESCRITORIO,Venta,2022-01-01,Mesa de conferencia AMBERES,UDS,ESCRITORIO,10.0,3,2022,26
103036,30000,40000.0,1968-S,PRINCIPAL,2022-03-26,2023-04-16,"Silla giratoria MÉXICO, negra",stück,6.0,191.0,148.9,1146.0,1146.0,SILLA,Venta,2022-01-01,"Silla giratoria MÉXICO, negra",UDS,SILLA,10.0,3,2022,26
103036,40000,40000.0,1980-S,PRINCIPAL,2022-03-26,2023-04-16,"Silla giratoria MOSCÚ, roja",stück,1.0,191.0,148.9,191.0,191.0,SILLA,Venta,2022-01-01,"Silla giratoria MOSCÚ, roja",UDS,SILLA,0.0,3,2022,26
103037,10000,20000.0,1900-S,PRINCIPAL,2022-03-28,2023-04-16,"Silla inv. PARÍS, negra",Unidad,6.0,193.7,151.1,1162.2,1406.26,SILLA,Venta,2022-01-01,"Silla inv. PARÍS, negra",UDS,SILLA,0.0,3,2022,28
103038,10000,30000.0,1896-S,PRINCIPAL,2022-03-29,2023-04-16,ATHENS Desk,Piece,7.0,1005.8,784.6,7040.6,7040.6,MESA,Venta,2022-01-01,Escritorio ATENAS,UDS,MESA,4.0,3,2022,29
103038,20000,30000.0,1936-S,PRINCIPAL,2022-03-29,2023-04-16,"BERLIN Guest Chair, yellow",Piece,10.0,193.7,151.1,1937.0,1937.0,SILLA,Venta,2022-01-01,"Silla invit. BERLÍN, amar.",UDS,SILLA,100.0,3,2022,29
103038,30000,30000.0,1972-S,PRINCIPAL,2022-03-29,2023-04-16,"MUNICH Swivel Chair, yellow",Piece,6.0,191.0,148.9,1146.0,1146.0,SILLA,Venta,2022-01-01,"Silla giratoria MUNICH, amar.",UDS,SILLA,0.0,3,2022,29
103038,40000,30000.0,1996-S,PRINCIPAL,2022-03-29,2023-04-16,"ATLANTA Whiteboard, base",Piece,4.0,1404.3,1095.3,5617.2,5617.2,VARIOS,Venta,2022-01-01,"Pizarra ATLANTA, base",UDS,VARIOS,10.0,3,2022,29
103039,10000,50000.0,1920-S,PRINCIPAL,2022-03-31,2023-04-16,Mesa de conferencia AMBERES,Unidad,3.0,651.1,508.0,1953.3,2363.49,ESCRITORIO,Venta,2022-01-01,Mesa de conferencia AMBERES,UDS,ESCRITORIO,10.0,3,2022,31
103039,20000,50000.0,1988-S,PRINCIPAL,2022-03-31,2023-04-16,"Silla inv. SEUL, roja",Unidad,4.0,193.7,151.1,774.8,937.51,SILLA,Venta,2022-01-01,"Silla inv. SEUL, roja",UDS,SILLA,0.0,3,2022,31
103040,10000,30000.0,1960-S,PRINCIPAL,2022-04-01,2023-04-16,"ROME Guest Chair, green",Piece,2.0,193.7,151.1,387.4,387.4,SILLA,Venta,2022-01-01,"Silla inv. ROMA, verde",UDS,SILLA,2.0,4,2022,1
103040,20000,30000.0,2000-S,PRINCIPAL,2022-04-01,2023-04-16,"SYDNEY Swivel Chair, green",Piece,7.0,191.0,148.9,1337.0,1337.0,SILLA,Venta,2022-01-01,"Silla giratoria SIDNEY, verde",UDS,SILLA,38.0,4,2022,1
103041,10000,20000.0,1928-S,PRINCIPAL,2022-04-17,2023-04-16,Lámpara ÁMSTERDAM,Unidad,3.0,55.2,43.1,165.6,200.38,VARIOS,Venta,2022-01-01,Lámpara ÁMSTERDAM,UDS,VARIOS,8.0,4,2022,17
103042,10000,30000.0,1988-S,PRINCIPAL,2022-04-19,2023-04-16,"SEOUL Guest Chair, red",Piece,1.0,193.7,151.1,193.7,193.7,SILLA,Venta,2022-01-01,"Silla inv. SEUL, roja",UDS,SILLA,0.0,4,2022,19
103043,10000,50000.0,1968-S,PRINCIPAL,2022-04-20,2023-04-16,"Silla giratoria MÉXICO, negra",Unidad,2.0,191.0,148.9,382.0,462.22,SILLA,Venta,2022-01-01,"Silla giratoria MÉXICO, negra",UDS,SILLA,10.0,4,2022,20
103044,10000,10000.0,1896-S,PRINCIPAL,2022-04-21,2023-04-16,Escritorio ATENAS,Unidad,10.0,1005.8,784.6,10058.0,12170.18,MESA,Venta,2022-01-01,Escritorio ATENAS,UDS,MESA,4.0,4,2022,21
103044,20000,10000.0,1960-S,PRINCIPAL,2022-04-21,2023-04-16,"Silla inv. ROMA, verde",Unidad,5.0,193.7,151.1,968.5,1171.88,SILLA,Venta,2022-01-01,"Silla inv. ROMA, verde",UDS,SILLA,2.0,4,2022,21
103044,30000,10000.0,1972-S,PRINCIPAL,2022-04-21,2023-04-16,"Silla giratoria MUNICH, amar.",Unidad,3.0,191.0,148.9,573.0,693.33,SILLA,Venta,2022-01-01,"Silla giratoria MUNICH, amar.",UDS,SILLA,0.0,4,2022,21
103044,40000,10000.0,1996-S,PRINCIPAL,2022-04-21,2023-04-16,"Pizarra ATLANTA, base",Unidad,6.0,1404.3,1095.3,8425.8,10195.22,VARIOS,Venta,2022-01-01,"Pizarra ATLANTA, base",UDS,VARIOS,10.0,4,2022,21
103045,10000,20000.0,1900-S,PRINCIPAL,2022-04-22,2023-04-16,"Silla inv. PARÍS, negra",Unidad,5.0,193.7,151.1,968.5,1171.89,SILLA,Venta,2022-01-01,"Silla inv. PARÍS, negra",UDS,SILLA,0.0,4,2022,22
103045,20000,20000.0,1964-S,PRINCIPAL,2022-04-22,2023-04-16,"Silla inv. TOKIO, azul",Unidad,6.0,193.7,151.1,1162.2,1406.26,SILLA,Venta,2022-01-01,"Silla inv. TOKIO, azul",UDS,SILLA,4.0,4,2022,22
103045,30000,20000.0,1980-S,PRINCIPAL,2022-04-22,2023-04-16,"Silla giratoria MOSCÚ, roja",Unidad,4.0,191.0,148.9,764.0,924.44,SILLA,Venta,2022-01-01,"Silla giratoria MOSCÚ, roja",UDS,SILLA,0.0,4,2022,22
103046,10000,50000.0,1906-S,PRINCIPAL,2022-04-24,2023-04-16,Pedestal móvil ATENAS,Unidad,9.0,435.8,339.9,3922.2,4745.86,ESCRITORIO,Venta,2022-01-01,Pedestal móvil ATENAS,UDS,ESCRITORIO,5.0,4,2022,24
103047,10000,40000.0,1908-S,PRINCIPAL,2022-04-24,2023-04-16,"Silla giratoria LONDRES, azul",stück,6.0,191.0,148.9,1146.0,1146.0,SILLA,Venta,2022-01-01,"Silla giratoria LONDRES, azul",UDS,SILLA,3.0,4,2022,24
103047,20000,40000.0,1920-S,PRINCIPAL,2022-04-24,2023-04-16,Mesa de conferencia AMBERES,stück,3.0,651.1,508.0,1953.3,1953.3,ESCRITORIO,Venta,2022-01-01,Mesa de conferencia AMBERES,UDS,ESCRITORIO,10.0,4,2022,24
103047,30000,40000.0,1960-S,PRINCIPAL,2022-04-24,2023-04-16,"Silla inv. ROMA, verde",stück,2.0,193.7,151.1,387.4,387.4,SILLA,Venta,2022-01-01,"Silla inv. ROMA, verde",UDS,SILLA,2.0,4,2022,24
103047,40000,40000.0,1968-S,PRINCIPAL,2022-04-24,2023-04-16,"Silla giratoria MÉXICO, negra",stück,7.0,191.0,148.9,1337.0,1337.0,SILLA,Venta,2022-01-01,"Silla giratoria MÉXICO, negra",UDS,SILLA,10.0,4,2022,24
103047,50000,40000.0,1980-S,PRINCIPAL,2022-04-24,2023-04-16,"Silla giratoria MOSCÚ, roja",stück,1.0,191.0,148.9,191.0,191.0,SILLA,Venta,2022-01-01,"Silla giratoria MOSCÚ, roja",UDS,SILLA,0.0,4,2022,24
103048,10000,20000.0,1900-S,PRINCIPAL,2022-04-25,2023-04-16,"Silla inv. PARÍS, negra",Unidad,6.0,193.7,151.1,1162.2,1406.26,SILLA,Venta,2022-01-01,"Silla inv. PARÍS, negra",UDS,SILLA,0.0,4,2022,25
103049,10000,30000.0,1896-S,PRINCIPAL,2022-04-25,2023-04-16,ATHENS Desk,Piece,8.0,1005.8,784.6,8046.4,8046.4,MESA,Venta,2022-01-01,Escritorio ATENAS,UDS,MESA,4.0,4,2022,25
103049,20000,30000.0,1928-S,PRINCIPAL,2022-04-25,2023-04-16,Lámpara giratoria roja,Piece,10.0,55.2,43.1,552.0,552.0,VARIOS,Venta,2022-01-01,Lámpara ÁMSTERDAM,UDS,VARIOS,8.0,4,2022,25
103049,30000,30000.0,1996-S,PRINCIPAL,2022-04-25,2023-04-16,"ATLANTA Whiteboard, base",Piece,4.0,1404.3,1095.3,5617.2,5617.2,VARIOS,Venta,2022-01-01,"Pizarra ATLANTA, base",UDS,VARIOS,10.0,4,2022,25
103050,10000,50000.0,1920-S,PRINCIPAL,2022-04-28,2023-04-16,Mesa de conferencia AMBERES,Unidad,3.0,651.1,508.0,1953.3,2363.49,ESCRITORIO,Venta,2022-01-01,Mesa de conferencia AMBERES,UDS,ESCRITORIO,10.0,4,2022,28
103050,20000,50000.0,1988-S,PRINCIPAL,2022-04-28,2023-04-16,"Silla inv. SEUL, roja",Unidad,4.0,193.7,151.1,774.8,937.51,SILLA,Venta,2022-01-01,"Silla inv. SEUL, roja",UDS,SILLA,0.0,4,2022,28
103051,10000,30000.0,1936-S,PRINCIPAL,2022-04-28,2023-04-16,"BERLIN Guest Chair, yellow",Piece,11.0,193.7,151.1,2130.7,2130.7,SILLA,Venta,2022-01-01,"Silla invit. BERLÍN, amar.",UDS,SILLA,100.0,4,2022,28
103051,20000,30000.0,1972-S,PRINCIPAL,2022-04-28,2023-04-16,"MUNICH Swivel Chair, yellow",Piece,7.0,191.0,148.9,1337.0,1337.0,SILLA,Venta,2022-01-01,"Silla giratoria MUNICH, amar.",UDS,SILLA,0.0,4,2022,28
103051,30000,30000.0,2000-S,PRINCIPAL,2022-04-28,2023-04-16,"SYDNEY Swivel Chair, green",Piece,8.0,191.0,148.9,1528.0,1528.0,SILLA,Venta,2022-01-01,"Silla giratoria SIDNEY, verde",UDS,SILLA,38.0,4,2022,28
103052,10000,30000.0,1960-S,PRINCIPAL,2022-05-02,2023-04-16,"ROME Guest Chair, green",Piece,2.0,193.7,151.1,387.4,387.4,SILLA,Venta,2022-01-01,"Silla inv. ROMA, verde",UDS,SILLA,2.0,5,2022,2
103053,10000,20000.0,1928-S,PRINCIPAL,2022-05-18,2023-04-16,Lámpara ÁMSTERDAM,Unidad,3.0,55.2,43.1,165.6,200.38,VARIOS,Venta,2022-01-01,Lámpara ÁMSTERDAM,UDS,VARIOS,8.0,5,2022,18
103054,10000,10000.0,1960-S,PRINCIPAL,2022-05-19,2023-04-16,"Silla inv. ROMA, verde",Unidad,4.0,193.7,151.1,774.8,937.51,SILLA,Venta,2022-01-01,"Silla inv. ROMA, verde",UDS,SILLA,2.0,5,2022,19
103055,10000,30000.0,1988-S,PRINCIPAL,2022-05-20,2023-04-16,"SEOUL Guest Chair, red",Piece,2.0,193.7,151.1,387.4,387.4,SILLA,Venta,2022-01-01,"Silla inv. SEUL, roja",UDS,SILLA,0.0,5,2022,20
103056,10000,50000.0,1968-S,PRINCIPAL,2022-05-21,2023-04-16,"Silla giratoria MÉXICO, negra",Unidad,2.0,191.0,148.9,382.0,462.22,SILLA,Venta,2022-01-01,"Silla giratoria MÉXICO, negra",UDS,SILLA,10.0,5,2022,21
103057,10000,40000.0,1960-S,PRINCIPAL,2022-05-22,2023-04-16,"Silla inv. ROMA, verde",stück,2.0,193.7,151.1,387.4,387.4,SILLA,Venta,2022-01-01,"Silla inv. ROMA, verde",UDS,SILLA,2.0,5,2022,22
103058,10000,20000.0,1900-S,PRINCIPAL,2022-05-23,2023-04-16,"Silla inv. PARÍS, negra",Unidad,3.0,193.7,151.1,581.1,703.13,SILLA,Venta,2022-01-01,"Silla inv. PARÍS, negra",UDS,SILLA,0.0,5,2022,23
103058,20000,20000.0,1964-S,PRINCIPAL,2022-05-23,2023-04-16,"Silla inv. TOKIO, azul",Unidad,5.0,193.7,151.1,968.5,1171.89,SILLA,Venta,2022-01-01,"Silla inv. TOKIO, azul",UDS,SILLA,4.0,5,2022,23
103058,30000,20000.0,1980-S,PRINCIPAL,2022-05-23,2023-04-16,"Silla giratoria MOSCÚ, roja",Unidad,4.0,191.0,148.9,764.0,924.44,SILLA,Venta,2022-01-01,"Silla giratoria MOSCÚ, roja",UDS,SILLA,0.0,5,2022,23
103059,10000,10000.0,1896-S,PRINCIPAL,2022-05-23,2023-04-16,Escritorio ATENAS,Unidad,8.0,1005.8,784.6,8046.4,9736.14,MESA,Venta,2022-01-01,Escritorio ATENAS,UDS,MESA,4.0,5,2022,23
103059,20000,10000.0,1972-S,PRINCIPAL,2022-05-23,2023-04-16,"Silla giratoria MUNICH, amar.",Unidad,3.0,191.0,148.9,573.0,693.33,SILLA,Venta,2022-01-01,"Silla giratoria MUNICH, amar.",UDS,SILLA,0.0,5,2022,23
103059,30000,10000.0,1996-S,PRINCIPAL,2022-05-23,2023-04-16,"Pizarra ATLANTA, base",Unidad,5.0,1404.3,1095.3,7021.5,8496.02,VARIOS,Venta,2022-01-01,"Pizarra ATLANTA, base",UDS,VARIOS,10.0,5,2022,23
103060,10000,50000.0,1906-S,PRINCIPAL,2022-05-25,2023-04-16,Pedestal móvil ATENAS,Unidad,6.0,435.8,339.9,2614.8,3163.91,ESCRITORIO,Venta,2022-01-01,Pedestal móvil ATENAS,UDS,ESCRITORIO,5.0,5,2022,25
103061,10000,30000.0,1928-S,PRINCIPAL,2022-05-26,2023-04-16,Lámpara giratoria roja,Piece,8.0,55.2,43.1,441.6,441.6,VARIOS,Venta,2022-01-01,Lámpara ÁMSTERDAM,UDS,VARIOS,8.0,5,2022,26
103062,10000,40000.0,1908-S,PRINCIPAL,2022-05-26,2023-04-16,"Silla giratoria LONDRES, azul",stück,5.0,191.0,148.9,955.0,955.0,SILLA,Venta,2022-01-01,"Silla giratoria LONDRES, azul",UDS,SILLA,3.0,5,2022,26
103062,20000,40000.0,1920-S,PRINCIPAL,2022-05-26,2023-04-16,Mesa de conferencia AMBERES,stück,4.0,651.1,508.0,2604.4,2604.4,ESCRITORIO,Venta,2022-01-01,Mesa de conferencia AMBERES,UDS,ESCRITORIO,10.0,5,2022,26
103062,30000,40000.0,1968-S,PRINCIPAL,2022-05-26,2023-04-16,"Silla giratoria MÉXICO, negra",stück,6.0,191.0,148.9,1146.0,1146.0,SILLA,Venta,2022-01-01,"Silla giratoria MÉXICO, negra",UDS,SILLA,10.0,5,2022,26
103062,40000,40000.0,1980-S,PRINCIPAL,2022-05-26,2023-04-16,"Silla giratoria MOSCÚ, roja",stück,1.0,191.0,148.9,191.0,191.0,SILLA,Venta,2022-01-01,"Silla giratoria MOSCÚ, roja",UDS,SILLA,0.0,5,2022,26
103063,10000,20000.0,1900-S,PRINCIPAL,2022-05-28,2023-04-16,"Silla inv. PARÍS, negra",Unidad,4.0,193.7,151.1,774.8,937.51,SILLA,Venta,2022-01-01,"Silla inv. PARÍS, negra",UDS,SILLA,0.0,5,2022,28
103064,10000,30000.0,1896-S,PRINCIPAL,2022-05-29,2023-04-16,ATHENS Desk,Piece,6.0,1005.8,784.6,6034.8,6034.8,MESA,Venta,2022-01-01,Escritorio ATENAS,UDS,MESA,4.0,5,2022,29
103064,20000,30000.0,1936-S,PRINCIPAL,2022-05-29,2023-04-16,"BERLIN Guest Chair, yellow",Piece,9.0,193.7,151.1,1743.3,1743.3,SILLA,Venta,2022-01-01,"Silla invit. BERLÍN, amar.",UDS,SILLA,100.0,5,2022,29
103064,30000,30000.0,1972-S,PRINCIPAL,2022-05-29,2023-04-16,"MUNICH Swivel Chair, yellow",Piece,6.0,191.0,148.9,1146.0,1146.0,SILLA,Venta,2022-01-01,"Silla giratoria MUNICH, amar.",UDS,SILLA,0.0,5,2022,29
103064,40000,30000.0,1996-S,PRINCIPAL,2022-05-29,2023-04-16,"ATLANTA Whiteboard, base",Piece,4.0,1404.3,1095.3,5617.2,5617.2,VARIOS,Venta,2022-01-01,"Pizarra ATLANTA, base",UDS,VARIOS,10.0,5,2022,29
103065,10000,50000.0,1920-S,PRINCIPAL,2022-05-31,2023-04-16,Mesa de conferencia AMBERES,Unidad,3.0,651.1,508.0,1953.3,2363.49,ESCRITORIO,Venta,2022-01-01,Mesa de conferencia AMBERES,UDS,ESCRITORIO,10.0,5,2022,31
103065,20000,50000.0,1988-S,PRINCIPAL,2022-05-31,2023-04-16,"Silla inv. SEUL, roja",Unidad,4.0,193.7,151.1,774.8,937.51,SILLA,Venta,2022-01-01,"Silla inv. SEUL, roja",UDS,SILLA,0.0,5,2022,31
103066,10000,30000.0,1960-S,PRINCIPAL,2022-06-01,2023-04-16,"ROME Guest Chair, green",Piece,2.0,193.7,151.1,387.4,387.4,SILLA,Venta,2022-01-01,"Silla inv. ROMA, verde",UDS,SILLA,2.0,6,2022,1
103066,20000,30000.0,2000-S,PRINCIPAL,2022-06-01,2023-04-16,"SYDNEY Swivel Chair, green",Piece,7.0,191.0,148.9,1337.0,1337.0,SILLA,Venta,2022-01-01,"Silla giratoria SIDNEY, verde",UDS,SILLA,38.0,6,2022,1
103067,10000,20000.0,1928-S,PRINCIPAL,2022-06-17,2023-04-16,Lámpara ÁMSTERDAM,Unidad,3.0,55.2,43.1,165.6,200.38,VARIOS,Venta,2022-01-01,Lámpara ÁMSTERDAM,UDS,VARIOS,8.0,6,2022,17
103068,10000,30000.0,1988-S,PRINCIPAL,2022-06-19,2023-04-16,"SEOUL Guest Chair, red",Piece,2.0,193.7,151.1,387.4,387.4,SILLA,Venta,2022-01-01,"Silla inv. SEUL, roja",UDS,SILLA,0.0,6,2022,19
103069,10000,50000.0,1968-S,PRINCIPAL,2022-06-20,2023-04-16,"Silla giratoria MÉXICO, negra",Unidad,2.0,191.0,148.9,382.0,462.22,SILLA,Venta,2022-01-01,"Silla giratoria MÉXICO, negra",UDS,SILLA,10.0,6,2022,20
103070,10000,10000.0,1896-S,PRINCIPAL,2022-06-21,2023-04-16,Escritorio ATENAS,Unidad,8.0,1005.8,784.6,8046.4,9736.15,MESA,Venta,2022-01-01,Escritorio ATENAS,UDS,MESA,4.0,6,2022,21
103070,20000,10000.0,1960-S,PRINCIPAL,2022-06-21,2023-04-16,"Silla inv. ROMA, verde",Unidad,4.0,193.7,151.1,774.8,937.5,SILLA,Venta,2022-01-01,"Silla inv. ROMA, verde",UDS,SILLA,2.0,6,2022,21
103070,30000,10000.0,1972-S,PRINCIPAL,2022-06-21,2023-04-16,"Silla giratoria MUNICH, amar.",Unidad,3.0,191.0,148.9,573.0,693.33,SILLA,Venta,2022-01-01,"Silla giratoria MUNICH, amar.",UDS,SILLA,0.0,6,2022,21
103070,40000,10000.0,1996-S,PRINCIPAL,2022-06-21,2023-04-16,"Pizarra ATLANTA, base",Unidad,5.0,1404.3,1095.3,7021.5,8496.02,VARIOS,Venta,2022-01-01,"Pizarra ATLANTA, base",UDS,VARIOS,10.0,6,2022,21
103071,10000,20000.0,1900-S,PRINCIPAL,2022-06-22,2023-04-16,"Silla inv. PARÍS, negra",Unidad,3.0,193.7,151.1,581.1,703.13,SILLA,Venta,2022-01-01,"Silla inv. PARÍS, negra",UDS,SILLA,0.0,6,2022,22
103071,20000,20000.0,1964-S,PRINCIPAL,2022-06-22,2023-04-16,"Silla inv. TOKIO, azul",Unidad,5.0,193.7,151.1,968.5,1171.89,SILLA,Venta,2022-01-01,"Silla inv. TOKIO, azul",UDS,SILLA,4.0,6,2022,22
103071,30000,20000.0,1980-S,PRINCIPAL,2022-06-22,2023-04-16,"Silla giratoria MOSCÚ, roja",Unidad,4.0,191.0,148.9,764.0,924.44,SILLA,Venta,2022-01-01,"Silla giratoria MOSCÚ, roja",UDS,SILLA,0.0,6,2022,22
103072,10000,50000.0,1906-S,PRINCIPAL,2022-06-24,2023-04-16,Pedestal móvil ATENAS,Unidad,5.0,435.8,339.9,2179.0,2636.59,ESCRITORIO,Venta,2022-01-01,Pedestal móvil ATENAS,UDS,ESCRITORIO,5.0,6,2022,24
103073,10000,40000.0,1908-S,PRINCIPAL,2022-06-24,2023-04-16,"Silla giratoria LONDRES, azul",stück,5.0,191.0,148.9,955.0,955.0,SILLA,Venta,2022-01-01,"Silla giratoria LONDRES, azul",UDS,SILLA,3.0,6,2022,24
103073,20000,40000.0,1920-S,PRINCIPAL,2022-06-24,2023-04-16,Mesa de conferencia AMBERES,stück,3.0,651.1,508.0,1953.3,1953.3,ESCRITORIO,Venta,2022-01-01,Mesa de conferencia AMBERES,UDS,ESCRITORIO,10.0,6,2022,24
103073,30000,40000.0,1960-S,PRINCIPAL,2022-06-24,2023-04-16,"Silla inv. ROMA, verde",stück,2.0,193.7,151.1,387.4,387.4,SILLA,Venta,2022-01-01,"Silla inv. ROMA, verde",UDS,SILLA,2.0,6,2022,24
103073,40000,40000.0,1968-S,PRINCIPAL,2022-06-24,2023-04-16,"Silla giratoria MÉXICO, negra",stück,6.0,191.0,148.9,1146.0,1146.0,SILLA,Venta,2022-01-01,"Silla giratoria MÉXICO, negra",UDS,SILLA,10.0,6,2022,24
103073,50000,40000.0,1980-S,PRINCIPAL,2022-06-24,2023-04-16,"Silla giratoria MOSCÚ, roja",stück,1.0,191.0,148.9,191.0,191.0,SILLA,Venta,2022-01-01,"Silla giratoria MOSCÚ, roja",UDS,SILLA,0.0,6,2022,24
103074,10000,20000.0,1900-S,PRINCIPAL,2022-06-25,2023-04-16,"Silla inv. PARÍS, negra",Unidad,4.0,193.7,151.1,774.8,937.51,SILLA,Venta,2022-01-01,"Silla inv. PARÍS, negra",UDS,SILLA,0.0,6,2022,25
103075,10000,30000.0,1896-S,PRINCIPAL,2022-06-25,2023-04-16,ATHENS Desk,Piece,7.0,1005.8,784.6,7040.6,7040.6,MESA,Venta,2022-01-01,Escritorio ATENAS,UDS,MESA,4.0,6,2022,25
103075,20000,30000.0,1928-S,PRINCIPAL,2022-06-25,2023-04-16,Lámpara giratoria roja,Piece,10.0,55.2,43.1,552.0,552.0,VARIOS,Venta,2022-01-01,Lámpara ÁMSTERDAM,UDS,VARIOS,8.0,6,2022,25
103075,30000,30000.0,1996-S,PRINCIPAL,2022-06-25,2023-04-16,"ATLANTA Whiteboard, base",Piece,4.0,1404.3,1095.3,5617.2,5617.2,VARIOS,Venta,2022-01-01,"Pizarra ATLANTA, base",UDS,VARIOS,10.0,6,2022,25
103076,10000,50000.0,1920-S,PRINCIPAL,2022-06-28,2023-04-16,Mesa de conferencia AMBERES,Unidad,2.0,651.1,508.0,1302.2,1575.66,ESCRITORIO,Venta,2022-01-01,Mesa de conferencia AMBERES,UDS,ESCRITORIO,10.0,6,2022,28
103076,20000,50000.0,1988-S,PRINCIPAL,2022-06-28,2023-04-16,"Silla inv. SEUL, roja",Unidad,4.0,193.7,151.1,774.8,937.51,SILLA,Venta,2022-01-01,"Silla inv. SEUL, roja",UDS,SILLA,0.0,6,2022,28
103077,10000,30000.0,1936-S,PRINCIPAL,2022-06-28,2023-04-16,"BERLIN Guest Chair, yellow",Piece,10.0,193.7,151.1,1937.0,1937.0,SILLA,Venta,2022-01-01,"Silla invit. BERLÍN, amar.",UDS,SILLA,100.0,6,2022,28
103077,20000,30000.0,1972-S,PRINCIPAL,2022-06-28,2023-04-16,"MUNICH Swivel Chair, yellow",Piece,7.0,191.0,148.9,1337.0,1337.0,SILLA,Venta,2022-01-01,"Silla giratoria MUNICH, amar.",UDS,SILLA,0.0,6,2022,28
103077,30000,30000.0,2000-S,PRINCIPAL,2022-06-28,2023-04-16,"SYDNEY Swivel Chair, green",Piece,7.0,191.0,148.9,1337.0,1337.0,SILLA,Venta,2022-01-01,"Silla giratoria SIDNEY, verde",UDS,SILLA,38.0,6,2022,28
103078,10000,30000.0,1960-S,PRINCIPAL,2022-07-02,2023-04-16,"ROME Guest Chair, green",Piece,2.0,193.7,151.1,387.4,387.4,SILLA,Venta,2022-01-01,"Silla inv. ROMA, verde",UDS,SILLA,2.0,7,2022,2
103079,10000,20000.0,1928-S,PRINCIPAL,2022-07-18,2023-04-16,Lámpara ÁMSTERDAM,Unidad,3.0,55.2,43.1,165.6,200.38,VARIOS,Venta,2022-01-01,Lámpara ÁMSTERDAM,UDS,VARIOS,8.0,7,2022,18
103080,10000,10000.0,1960-S,PRINCIPAL,2022-07-19,2023-04-16,"Silla inv. ROMA, verde",Unidad,4.0,193.7,151.1,774.8,937.51,SILLA,Venta,2022-01-01,"Silla inv. ROMA, verde",UDS,SILLA,2.0,7,2022,19
103081,10000,30000.0,1988-S,PRINCIPAL,2022-07-20,2023-04-16,"SEOUL Guest Chair, red",Piece,1.0,193.7,151.1,193.7,193.7,SILLA,Venta,2022-01-01,"Silla inv. SEUL, roja",UDS,SILLA,0.0,7,2022,20
103082,10000,50000.0,1968-S,PRINCIPAL,2022-07-21,2023-04-16,"Silla giratoria MÉXICO, negra",Unidad,2.0,191.0,148.9,382.0,462.22,SILLA,Venta,2022-01-01,"Silla giratoria MÉXICO, negra",UDS,SILLA,10.0,7,2022,21
103083,10000,40000.0,1960-S,PRINCIPAL,2022-07-22,2023-04-16,"Silla inv. ROMA, verde",stück,2.0,193.7,151.1,387.4,387.4,SILLA,Venta,2022-01-01,"Silla inv. ROMA, verde",UDS,SILLA,2.0,7,2022,22
103084,10000,20000.0,1900-S,PRINCIPAL,2022-07-23,2023-04-16,"Silla inv. PARÍS, negra",Unidad,4.0,193.7,151.1,774.8,937.51,SILLA,Venta,2022-01-01,"Silla inv. PARÍS, negra",UDS,SILLA,0.0,7,2022,23
103084,20000,20000.0,1964-S,PRINCIPAL,2022-07-23,2023-04-16,"Silla inv. TOKIO, azul",Unidad,4.0,193.7,151.1,774.8,937.51,SILLA,Venta,2022-01-01,"Silla inv. TOKIO, azul",UDS,SILLA,4.0,7,2022,23
103084,30000,20000.0,1980-S,PRINCIPAL,2022-07-23,2023-04-16,"Silla giratoria MOSCÚ, roja",Unidad,3.0,191.0,148.9,573.0,693.33,SILLA,Venta,2022-01-01,"Silla giratoria MOSCÚ, roja",UDS,SILLA,0.0,7,2022,23
103085,10000,10000.0,1896-S,PRINCIPAL,2022-07-23,2023-04-16,Escritorio ATENAS,Unidad,6.0,1005.8,784.6,6034.8,7302.11,MESA,Venta,2022-01-01,Escritorio ATENAS,UDS,MESA,4.0,7,2022,23
103085,20000,10000.0,1972-S,PRINCIPAL,2022-07-23,2023-04-16,"Silla giratoria MUNICH, amar.",Unidad,2.0,191.0,148.9,382.0,462.22,SILLA,Venta,2022-01-01,"Silla giratoria MUNICH, amar.",UDS,SILLA,0.0,7,2022,23
103085,30000,10000.0,1996-S,PRINCIPAL,2022-07-23,2023-04-16,"Pizarra ATLANTA, base",Unidad,4.0,1404.3,1095.3,5617.2,6796.81,VARIOS,Venta,2022-01-01,"Pizarra ATLANTA, base",UDS,VARIOS,10.0,7,2022,23
103086,10000,50000.0,1906-S,PRINCIPAL,2022-07-25,2023-04-16,Pedestal móvil ATENAS,Unidad,7.0,435.8,339.9,3050.6,3691.23,ESCRITORIO,Venta,2022-01-01,Pedestal móvil ATENAS,UDS,ESCRITORIO,5.0,7,2022,25
103087,10000,30000.0,1928-S,PRINCIPAL,2022-07-26,2023-04-16,Lámpara giratoria roja,Piece,8.0,55.2,43.1,441.6,441.6,VARIOS,Venta,2022-01-01,Lámpara ÁMSTERDAM,UDS,VARIOS,8.0,7,2022,26
103088,10000,40000.0,1908-S,PRINCIPAL,2022-07-26,2023-04-16,"Silla giratoria LONDRES, azul",stück,4.0,191.0,148.9,764.0,764.0,SILLA,Venta,2022-01-01,"Silla giratoria LONDRES, azul",UDS,SILLA,3.0,7,2022,26
103088,20000,40000.0,1920-S,PRINCIPAL,2022-07-26,2023-04-16,Mesa de conferencia AMBERES,stück,3.0,651.1,508.0,1953.3,1953.3,ESCRITORIO,Venta,2022-01-01,Mesa de conferencia AMBERES,UDS,ESCRITORIO,10.0,7,2022,26
103088,30000,40000.0,1968-S,PRINCIPAL,2022-07-26,2023-04-16,"Silla giratoria MÉXICO, negra",stück,5.0,191.0,148.9,955.0,955.0,SILLA,Venta,2022-01-01,"Silla giratoria MÉXICO, negra",UDS,SILLA,10.0,7,2022,26
103088,40000,40000.0,1980-S,PRINCIPAL,2022-07-26,2023-04-16,"Silla giratoria MOSCÚ, roja",stück,1.0,191.0,148.9,191.0,191.0,SILLA,Venta,2022-01-01,"Silla giratoria MOSCÚ, roja",UDS,SILLA,0.0,7,2022,26
103089,10000,20000.0,1900-S,PRINCIPAL,2022-07-28,2023-04-16,"Silla inv. PARÍS, negra",Unidad,4.0,193.7,151.1,774.8,937.51,SILLA,Venta,2022-01-01,"Silla inv. PARÍS, negra",UDS,SILLA,0.0,7,2022,28
103090,10000,30000.0,1896-S,PRINCIPAL,2022-07-29,2023-04-16,ATHENS Desk,Piece,4.0,1005.8,784.6,4023.2,4023.2,MESA,Venta,2022-01-01,Escritorio ATENAS,UDS,MESA,4.0,7,2022,29
103090,20000,30000.0,1936-S,PRINCIPAL,2022-07-29,2023-04-16,"BERLIN Guest Chair, yellow",Piece,8.0,193.7,151.1,1549.6,1549.6,SILLA,Venta,2022-01-01,"Silla invit. BERLÍN, amar.",UDS,SILLA,100.0,7,2022,29
103090,30000,30000.0,1972-S,PRINCIPAL,2022-07-29,2023-04-16,"MUNICH Swivel Chair, yellow",Piece,4.0,191.0,148.9,764.0,764.0,SILLA,Venta,2022-01-01,"Silla giratoria MUNICH, amar.",UDS,SILLA,0.0,7,2022,29
103090,40000,30000.0,1996-S,PRINCIPAL,2022-07-29,2023-04-16,"ATLANTA Whiteboard, base",Piece,3.0,1404.3,1095.3,4212.9,4212.9,VARIOS,Venta,2022-01-01,"Pizarra ATLANTA, base",UDS,VARIOS,10.0,7,2022,29
103091,10000,50000.0,1920-S,PRINCIPAL,2022-07-31,2023-04-16,Mesa de conferencia AMBERES,Unidad,2.0,651.1,508.0,1302.2,1575.67,ESCRITORIO,Venta,2022-01-01,Mesa de conferencia AMBERES,UDS,ESCRITORIO,10.0,7,2022,31
103091,20000,50000.0,1988-S,PRINCIPAL,2022-07-31,2023-04-16,"Silla inv. SEUL, roja",Unidad,2.0,193.7,151.1,387.4,468.75,SILLA,Venta,2022-01-01,"Silla inv. SEUL, roja",UDS,SILLA,0.0,7,2022,31
103092,10000,30000.0,1960-S,PRINCIPAL,2022-08-01,2023-04-16,"ROME Guest Chair, green",Piece,1.0,193.7,151.1,193.7,193.7,SILLA,Venta,2022-01-01,"Silla inv. ROMA, verde",UDS,SILLA,2.0,8,2022,1
103092,20000,30000.0,2000-S,PRINCIPAL,2022-08-01,2023-04-16,"SYDNEY Swivel Chair, green",Piece,5.0,191.0,148.9,955.0,955.0,SILLA,Venta,2022-01-01,"Silla giratoria SIDNEY, verde",UDS,SILLA,38.0,8,2022,1
103093,10000,20000.0,1928-S,PRINCIPAL,2022-08-18,2023-04-16,Lámpara ÁMSTERDAM,Unidad,3.0,55.2,43.1,165.6,200.38,VARIOS,Venta,2022-01-01,Lámpara ÁMSTERDAM,UDS,VARIOS,8.0,8,2022,18
103094,10000,10000.0,1960-S,PRINCIPAL,2022-08-19,2023-04-16,"Silla inv. ROMA, verde",Unidad,4.0,193.7,151.1,774.8,937.51,SILLA,Venta,2022-01-01,"Silla inv. ROMA, verde",UDS,SILLA,2.0,8,2022,19
103095,10000,30000.0,1988-S,PRINCIPAL,2022-08-20,2023-04-16,"SEOUL Guest Chair, red",Piece,1.0,193.7,151.1,193.7,193.7,SILLA,Venta,2022-01-01,"Silla inv. SEUL, roja",UDS,SILLA,0.0,8,2022,20
103096,10000,50000.0,1968-S,PRINCIPAL,2022-08-21,2023-04-16,"Silla giratoria MÉXICO, negra",Unidad,2.0,191.0,148.9,382.0,462.22,SILLA,Venta,2022-01-01,"Silla giratoria MÉXICO, negra",UDS,SILLA,10.0,8,2022,21
103097,10000,40000.0,1960-S,PRINCIPAL,2022-08-22,2023-04-16,"Silla inv. ROMA, verde",stück,2.0,193.7,151.1,387.4,387.4,SILLA,Venta,2022-01-01,"Silla inv. ROMA, verde",UDS,SILLA,2.0,8,2022,22
103098,10000,20000.0,1900-S,PRINCIPAL,2022-08-23,2023-04-16,"Silla inv. PARÍS, negra",Unidad,4.0,193.7,151.1,774.8,937.51,SILLA,Venta,2022-01-01,"Silla inv. PARÍS, negra",UDS,SILLA,0.0,8,2022,23
103098,20000,20000.0,1964-S,PRINCIPAL,2022-08-23,2023-04-16,"Silla inv. TOKIO, azul",Unidad,6.0,193.7,151.1,1162.2,1406.26,SILLA,Venta,2022-01-01,"Silla inv. TOKIO, azul",UDS,SILLA,4.0,8,2022,23
103098,30000,20000.0,1980-S,PRINCIPAL,2022-08-23,2023-04-16,"Silla giratoria MOSCÚ, roja",Unidad,3.0,191.0,148.9,573.0,693.33,SILLA,Venta,2022-01-01,"Silla giratoria MOSCÚ, roja",UDS,SILLA,0.0,8,2022,23
103099,10000,10000.0,1896-S,PRINCIPAL,2022-08-23,2023-04-16,Escritorio ATENAS,Unidad,6.0,1005.8,784.6,6034.8,7302.11,MESA,Venta,2022-01-01,Escritorio ATENAS,UDS,MESA,4.0,8,2022,23
103099,20000,10000.0,1972-S,PRINCIPAL,2022-08-23,2023-04-16,"Silla giratoria MUNICH, amar.",Unidad,2.0,191.0,148.9,382.0,462.22,SILLA,Venta,2022-01-01,"Silla giratoria MUNICH, amar.",UDS,SILLA,0.0,8,2022,23
103099,30000,10000.0,1996-S,PRINCIPAL,2022-08-23,2023-04-16,"Pizarra ATLANTA, base",Unidad,5.0,1404.3,1095.3,7021.5,8496.01,VARIOS,Venta,2022-01-01,"Pizarra ATLANTA, base",UDS,VARIOS,10.0,8,2022,23
103100,10000,50000.0,1906-S,PRINCIPAL,2022-08-25,2023-04-16,Pedestal móvil ATENAS,Unidad,7.0,435.8,339.9,3050.6,3691.23,ESCRITORIO,Venta,2022-01-01,Pedestal móvil ATENAS,UDS,ESCRITORIO,5.0,8,2022,25
103101,10000,30000.0,1928-S,PRINCIPAL,2022-08-26,2023-04-16,Lámpara giratoria roja,Piece,7.0,55.2,43.1,386.4,386.4,VARIOS,Venta,2022-01-01,Lámpara ÁMSTERDAM,UDS,VARIOS,8.0,8,2022,26
103102,10000,40000.0,1908-S,PRINCIPAL,2022-08-26,2023-04-16,"Silla giratoria LONDRES, azul",stück,6.0,191.0,148.9,1146.0,1146.0,SILLA,Venta,2022-01-01,"Silla giratoria LONDRES, azul",UDS,SILLA,3.0,8,2022,26
103102,20000,40000.0,1920-S,PRINCIPAL,2022-08-26,2023-04-16,Mesa de conferencia AMBERES,stück,3.0,651.1,508.0,1953.3,1953.3,ESCRITORIO,Venta,2022-01-01,Mesa de conferencia AMBERES,UDS,ESCRITORIO,10.0,8,2022,26
103102,30000,40000.0,1968-S,PRINCIPAL,2022-08-26,2023-04-16,"Silla giratoria MÉXICO, negra",stück,6.0,191.0,148.9,1146.0,1146.0,SILLA,Venta,2022-01-01,"Silla giratoria MÉXICO, negra",UDS,SILLA,10.0,8,2022,26
103102,40000,40000.0,1980-S,PRINCIPAL,2022-08-26,2023-04-16,"Silla giratoria MOSCÚ, roja",stück,1.0,191.0,148.9,191.0,191.0,SILLA,Venta,2022-01-01,"Silla giratoria MOSCÚ, roja",UDS,SILLA,0.0,8,2022,26
103103,10000,20000.0,1900-S,PRINCIPAL,2022-08-28,2023-04-16,"Silla inv. PARÍS, negra",Unidad,4.0,193.7,151.1,774.8,937.51,SILLA,Venta,2022-01-01,"Silla inv. PARÍS, negra",UDS,SILLA,0.0,8,2022,28
103104,10000,30000.0,1896-S,PRINCIPAL,2022-08-29,2023-04-16,ATHENS Desk,Piece,5.0,1005.8,784.6,5029.0,5029.0,MESA,Venta,2022-01-01,Escritorio ATENAS,UDS,MESA,4.0,8,2022,29
103104,20000,30000.0,1936-S,PRINCIPAL,2022-08-29,2023-04-16,"BERLIN Guest Chair, yellow",Piece,9.0,193.7,151.1,1743.3,1743.3,SILLA,Venta,2022-01-01,"Silla invit. BERLÍN, amar.",UDS,SILLA,100.0,8,2022,29
103104,30000,30000.0,1972-S,PRINCIPAL,2022-08-29,2023-04-16,"MUNICH Swivel Chair, yellow",Piece,4.0,191.0,148.9,764.0,764.0,SILLA,Venta,2022-01-01,"Silla giratoria MUNICH, amar.",UDS,SILLA,0.0,8,2022,29
103104,40000,30000.0,1996-S,PRINCIPAL,2022-08-29,2023-04-16,"ATLANTA Whiteboard, base",Piece,4.0,1404.3,1095.3,5617.2,5617.2,VARIOS,Venta,2022-01-01,"Pizarra ATLANTA, base",UDS,VARIOS,10.0,8,2022,29
103105,10000,50000.0,1920-S,PRINCIPAL,2022-08-31,2023-04-16,Mesa de conferencia AMBERES,Unidad,3.0,651.1,508.0,1953.3,2363.49,ESCRITORIO,Venta,2022-01-01,Mesa de conferencia AMBERES,UDS,ESCRITORIO,10.0,8,2022,31
103105,20000,50000.0,1988-S,PRINCIPAL,2022-08-31,2023-04-16,"Silla inv. SEUL, roja",Unidad,3.0,193.7,151.1,581.1,703.13,SILLA,Venta,2022-01-01,"Silla inv. SEUL, roja",UDS,SILLA,0.0,8,2022,31
103106,10000,30000.0,1960-S,PRINCIPAL,2022-09-01,2023-04-16,"ROME Guest Chair, green",Piece,1.0,193.7,151.1,193.7,193.7,SILLA,Venta,2022-01-01,"Silla inv. ROMA, verde",UDS,SILLA,2.0,9,2022,1
103106,20000,30000.0,2000-S,PRINCIPAL,2022-09-01,2023-04-16,"SYDNEY Swivel Chair, green",Piece,7.0,191.0,148.9,1337.0,1337.0,SILLA,Venta,2022-01-01,"Silla giratoria SIDNEY, verde",UDS,SILLA,38.0,9,2022,1
103107,10000,20000.0,1928-S,PRINCIPAL,2022-09-17,2023-04-16,Lámpara ÁMSTERDAM,Unidad,2.0,55.2,43.1,110.4,133.58,VARIOS,Venta,2022-01-01,Lámpara ÁMSTERDAM,UDS,VARIOS,8.0,9,2022,17
103108,10000,30000.0,1988-S,PRINCIPAL,2022-09-19,2023-04-16,"SEOUL Guest Chair, red",Piece,1.0,193.7,151.1,193.7,193.7,SILLA,Venta,2022-01-01,"Silla inv. SEUL, roja",UDS,SILLA,0.0,9,2022,19
103109,10000,50000.0,1968-S,PRINCIPAL,2022-09-20,2023-04-16,"Silla giratoria MÉXICO, negra",Unidad,1.0,191.0,148.9,191.0,231.11,SILLA,Venta,2022-01-01,"Silla giratoria MÉXICO, negra",UDS,SILLA,10.0,9,2022,20
103110,10000,10000.0,1896-S,PRINCIPAL,2022-09-21,2023-04-16,Escritorio ATENAS,Unidad,5.0,1005.8,784.6,5029.0,6085.09,MESA,Venta,2022-01-01,Escritorio ATENAS,UDS,MESA,4.0,9,2022,21
103110,20000,10000.0,1960-S,PRINCIPAL,2022-09-21,2023-04-16,"Silla inv. ROMA, verde",Unidad,3.0,193.7,151.1,581.1,703.13,SILLA,Venta,2022-01-01,"Silla inv. ROMA, verde",UDS,SILLA,2.0,9,2022,21
103110,30000,10000.0,1972-S,PRINCIPAL,2022-09-21,2023-04-16,"Silla giratoria MUNICH, amar.",Unidad,2.0,191.0,148.9,382.0,462.22,SILLA,Venta,2022-01-01,"Silla giratoria MUNICH, amar.",UDS,SILLA,0.0,9,2022,21
103110,40000,10000.0,1996-S,PRINCIPAL,2022-09-21,2023-04-16,"Pizarra ATLANTA, base",Unidad,4.0,1404.3,1095.3,5617.2,6796.81,VARIOS,Venta,2022-01-01,"Pizarra ATLANTA, base",UDS,VARIOS,10.0,9,2022,21
103111,10000,20000.0,1900-S,PRINCIPAL,2022-09-22,2023-04-16,"Silla inv. PARÍS, negra",Unidad,2.0,193.7,151.1,387.4,468.75,SILLA,Venta,2022-01-01,"Silla inv. PARÍS, negra",UDS,SILLA,0.0,9,2022,22
103111,20000,20000.0,1964-S,PRINCIPAL,2022-09-22,2023-04-16,"Silla inv. TOKIO, azul",Unidad,4.0,193.7,151.1,774.8,937.51,SILLA,Venta,2022-01-01,"Silla inv. TOKIO, azul",UDS,SILLA,4.0,9,2022,22
103111,30000,20000.0,1980-S,PRINCIPAL,2022-09-22,2023-04-16,"Silla giratoria MOSCÚ, roja",Unidad,2.0,191.0,148.9,382.0,462.22,SILLA,Venta,2022-01-01,"Silla giratoria MOSCÚ, roja",UDS,SILLA,0.0,9,2022,22
103112,10000,50000.0,1906-S,PRINCIPAL,2022-09-24,2023-04-16,Pedestal móvil ATENAS,Unidad,3.0,435.8,339.9,1307.4,1581.95,ESCRITORIO,Venta,2022-01-01,Pedestal móvil ATENAS,UDS,ESCRITORIO,5.0,9,2022,24
103113,10000,40000.0,1908-S,PRINCIPAL,2022-09-24,2023-04-16,"Silla giratoria LONDRES, azul",stück,4.0,191.0,148.9,764.0,764.0,SILLA,Venta,2022-01-01,"Silla giratoria LONDRES, azul",UDS,SILLA,3.0,9,2022,24
103113,20000,40000.0,1920-S,PRINCIPAL,2022-09-24,2023-04-16,Mesa de conferencia AMBERES,stück,2.0,651.1,508.0,1302.2,1302.2,ESCRITORIO,Venta,2022-01-01,Mesa de conferencia AMBERES,UDS,ESCRITORIO,10.0,9,2022,24
103113,30000,40000.0,1960-S,PRINCIPAL,2022-09-24,2023-04-16,"Silla inv. ROMA, verde",stück,1.0,193.7,151.1,193.7,193.7,SILLA,Venta,2022-01-01,"Silla inv. ROMA, verde",UDS,SILLA,2.0,9,2022,24
103113,40000,40000.0,1968-S,PRINCIPAL,2022-09-24,2023-04-16,"Silla giratoria MÉXICO, negra",stück,4.0,191.0,148.9,764.0,764.0,SILLA,Venta,2022-01-01,"Silla giratoria MÉXICO, negra",UDS,SILLA,10.0,9,2022,24
103113,50000,40000.0,1980-S,PRINCIPAL,2022-09-24,2023-04-16,"Silla giratoria MOSCÚ, roja",stück,1.0,191.0,148.9,191.0,191.0,SILLA,Venta,2022-01-01,"Silla giratoria MOSCÚ, roja",UDS,SILLA,0.0,9,2022,24
103114,10000,20000.0,1900-S,PRINCIPAL,2022-09-25,2023-04-16,"Silla inv. PARÍS, negra",Unidad,2.0,193.7,151.1,387.4,468.75,SILLA,Venta,2022-01-01,"Silla inv. PARÍS, negra",UDS,SILLA,0.0,9,2022,25
103115,10000,30000.0,1896-S,PRINCIPAL,2022-09-25,2023-04-16,ATHENS Desk,Piece,4.0,1005.8,784.6,4023.2,4023.2,MESA,Venta,2022-01-01,Escritorio ATENAS,UDS,MESA,4.0,9,2022,25
103115,20000,30000.0,1928-S,PRINCIPAL,2022-09-25,2023-04-16,Lámpara giratoria roja,Piece,7.0,55.2,43.1,386.4,386.4,VARIOS,Venta,2022-01-01,Lámpara ÁMSTERDAM,UDS,VARIOS,8.0,9,2022,25
103115,30000,30000.0,1996-S,PRINCIPAL,2022-09-25,2023-04-16,"ATLANTA Whiteboard, base",Piece,3.0,1404.3,1095.3,4212.9,4212.9,VARIOS,Venta,2022-01-01,"Pizarra ATLANTA, base",UDS,VARIOS,10.0,9,2022,25
103116,10000,50000.0,1920-S,PRINCIPAL,2022-09-28,2023-04-16,Mesa de conferencia AMBERES,Unidad,2.0,651.1,508.0,1302.2,1575.66,ESCRITORIO,Venta,2022-01-01,Mesa de conferencia AMBERES,UDS,ESCRITORIO,10.0,9,2022,28
103116,20000,50000.0,1988-S,PRINCIPAL,2022-09-28,2023-04-16,"Silla inv. SEUL, roja",Unidad,3.0,193.7,151.1,581.1,703.13,SILLA,Venta,2022-01-01,"Silla inv. SEUL, roja",UDS,SILLA,0.0,9,2022,28
103117,10000,30000.0,1936-S,PRINCIPAL,2022-09-28,2023-04-16,"BERLIN Guest Chair, yellow",Piece,7.0,193.7,151.1,1355.9,1355.9,SILLA,Venta,2022-01-01,"Silla invit. BERLÍN, amar.",UDS,SILLA,100.0,9,2022,28
103117,20000,30000.0,1972-S,PRINCIPAL,2022-09-28,2023-04-16,"MUNICH Swivel Chair, yellow",Piece,3.0,191.0,148.9,573.0,573.0,SILLA,Venta,2022-01-01,"Silla giratoria MUNICH, amar.",UDS,SILLA,0.0,9,2022,28
103117,30000,30000.0,2000-S,PRINCIPAL,2022-09-28,2023-04-16,"SYDNEY Swivel Chair, green",Piece,5.0,191.0,148.9,955.0,955.0,SILLA,Venta,2022-01-01,"Silla giratoria SIDNEY, verde",UDS,SILLA,38.0,9,2022,28
103118,10000,30000.0,1960-S,PRINCIPAL,2022-10-02,2023-04-16,"ROME Guest Chair, green",Piece,1.0,193.7,151.1,193.7,193.7,SILLA,Venta,2022-01-01,"Silla inv. ROMA, verde",UDS,SILLA,2.0,10,2022,2
103119,10000,20000.0,1928-S,PRINCIPAL,2022-10-18,2023-04-16,Lámpara ÁMSTERDAM,Unidad,3.0,55.2,43.1,165.6,200.38,VARIOS,Venta,2022-01-01,Lámpara ÁMSTERDAM,UDS,VARIOS,8.0,10,2022,18
103120,10000,10000.0,1960-S,PRINCIPAL,2022-10-19,2023-04-16,"Silla inv. ROMA, verde",Unidad,3.0,193.7,151.1,581.1,703.13,SILLA,Venta,2022-01-01,"Silla inv. ROMA, verde",UDS,SILLA,2.0,10,2022,19
103121,10000,30000.0,1988-S,PRINCIPAL,2022-10-20,2023-04-16,"SEOUL Guest Chair, red",Piece,1.0,193.7,151.1,193.7,193.7,SILLA,Venta,2022-01-01,"Silla inv. SEUL, roja",UDS,SILLA,0.0,10,2022,20
103122,10000,50000.0,1968-S,PRINCIPAL,2022-10-21,2023-04-16,"Silla giratoria MÉXICO, negra",Unidad,2.0,191.0,148.9,382.0,462.22,SILLA,Venta,2022-01-01,"Silla giratoria MÉXICO, negra",UDS,SILLA,10.0,10,2022,21
103123,10000,40000.0,1960-S,PRINCIPAL,2022-10-22,2023-04-16,"Silla inv. ROMA, verde",stück,2.0,193.7,151.1,387.4,387.4,SILLA,Venta,2022-01-01,"Silla inv. ROMA, verde",UDS,SILLA,2.0,10,2022,22
103124,10000,20000.0,1900-S,PRINCIPAL,2022-10-23,2023-04-16,"Silla inv. PARÍS, negra",Unidad,3.0,193.7,151.1,581.1,703.13,SILLA,Venta,2022-01-01,"Silla inv. PARÍS, negra",UDS,SILLA,0.0,10,2022,23
103124,20000,20000.0,1964-S,PRINCIPAL,2022-10-23,2023-04-16,"Silla inv. TOKIO, azul",Unidad,4.0,193.7,151.1,774.8,937.51,SILLA,Venta,2022-01-01,"Silla inv. TOKIO, azul",UDS,SILLA,4.0,10,2022,23
103124,30000,20000.0,1980-S,PRINCIPAL,2022-10-23,2023-04-16,"Silla giratoria MOSCÚ, roja",Unidad,2.0,191.0,148.9,382.0,462.22,SILLA,Venta,2022-01-01,"Silla giratoria MOSCÚ, roja",UDS,SILLA,0.0,10,2022,23
103125,10000,10000.0,1896-S,PRINCIPAL,2022-10-23,2023-04-16,Escritorio ATENAS,Unidad,5.0,1005.8,784.6,5029.0,6085.09,MESA,Venta,2022-01-01,Escritorio ATENAS,UDS,MESA,4.0,10,2022,23
103125,20000,10000.0,1972-S,PRINCIPAL,2022-10-23,2023-04-16,"Silla giratoria MUNICH, amar.",Unidad,2.0,191.0,148.9,382.0,462.22,SILLA,Venta,2022-01-01,"Silla giratoria MUNICH, amar.",UDS,SILLA,0.0,10,2022,23
103125,30000,10000.0,1996-S,PRINCIPAL,2022-10-23,2023-04-16,"Pizarra ATLANTA, base",Unidad,4.0,1404.3,1095.3,5617.2,6796.81,VARIOS,Venta,2022-01-01,"Pizarra ATLANTA, base",UDS,VARIOS,10.0,10,2022,23
103126,10000,50000.0,1906-S,PRINCIPAL,2022-10-25,2023-04-16,Pedestal móvil ATENAS,Unidad,10.0,435.8,339.9,4358.0,5273.18,ESCRITORIO,Venta,2022-01-01,Pedestal móvil ATENAS,UDS,ESCRITORIO,5.0,10,2022,25
103127,10000,30000.0,1928-S,PRINCIPAL,2022-10-26,2023-04-16,Lámpara giratoria roja,Piece,7.0,55.2,43.1,386.4,386.4,VARIOS,Venta,2022-01-01,Lámpara ÁMSTERDAM,UDS,VARIOS,8.0,10,2022,26
103128,10000,40000.0,1908-S,PRINCIPAL,2022-10-26,2023-04-16,"Silla giratoria LONDRES, azul",stück,4.0,191.0,148.9,764.0,764.0,SILLA,Venta,2022-01-01,"Silla giratoria LONDRES, azul",UDS,SILLA,3.0,10,2022,26
103128,20000,40000.0,1920-S,PRINCIPAL,2022-10-26,2023-04-16,Mesa de conferencia AMBERES,stück,2.0,651.1,508.0,1302.2,1302.2,ESCRITORIO,Venta,2022-01-01,Mesa de conferencia AMBERES,UDS,ESCRITORIO,10.0,10,2022,26
103128,30000,40000.0,1968-S,PRINCIPAL,2022-10-26,2023-04-16,"Silla giratoria MÉXICO, negra",stück,7.0,191.0,148.9,1337.0,1337.0,SILLA,Venta,2022-01-01,"Silla giratoria MÉXICO, negra",UDS,SILLA,10.0,10,2022,26
103128,40000,40000.0,1980-S,PRINCIPAL,2022-10-26,2023-04-16,"Silla giratoria MOSCÚ, roja",stück,1.0,191.0,148.9,191.0,191.0,SILLA,Venta,2022-01-01,"Silla giratoria MOSCÚ, roja",UDS,SILLA,0.0,10,2022,26
103129,10000,20000.0,1900-S,PRINCIPAL,2022-10-28,2023-04-16,"Silla inv. PARÍS, negra",Unidad,3.0,193.7,151.1,581.1,703.13,SILLA,Venta,2022-01-01,"Silla inv. PARÍS, negra",UDS,SILLA,0.0,10,2022,28
103130,10000,30000.0,1896-S,PRINCIPAL,2022-10-29,2023-04-16,ATHENS Desk,Piece,4.0,1005.8,784.6,4023.2,4023.2,MESA,Venta,2022-01-01,Escritorio ATENAS,UDS,MESA,4.0,10,2022,29
103130,20000,30000.0,1936-S,PRINCIPAL,2022-10-29,2023-04-16,"BERLIN Guest Chair, yellow",Piece,9.0,193.7,151.1,1743.3,1743.3,SILLA,Venta,2022-01-01,"Silla invit. BERLÍN, amar.",UDS,SILLA,100.0,10,2022,29
103130,30000,30000.0,1972-S,PRINCIPAL,2022-10-29,2023-04-16,"MUNICH Swivel Chair, yellow",Piece,5.0,191.0,148.9,955.0,955.0,SILLA,Venta,2022-01-01,"Silla giratoria MUNICH, amar.",UDS,SILLA,0.0,10,2022,29
103130,40000,30000.0,1996-S,PRINCIPAL,2022-10-29,2023-04-16,"ATLANTA Whiteboard, base",Piece,3.0,1404.3,1095.3,4212.9,4212.9,VARIOS,Venta,2022-01-01,"Pizarra ATLANTA, base",UDS,VARIOS,10.0,10,2022,29
103131,10000,50000.0,1920-S,PRINCIPAL,2022-10-31,2023-04-16,Mesa de conferencia AMBERES,Unidad,2.0,651.1,508.0,1302.2,1575.66,ESCRITORIO,Venta,2022-01-01,Mesa de conferencia AMBERES,UDS,ESCRITORIO,10.0,10,2022,31
103131,20000,50000.0,1988-S,PRINCIPAL,2022-10-31,2023-04-16,"Silla inv. SEUL, roja",Unidad,4.0,193.7,151.1,774.8,937.51,SILLA,Venta,2022-01-01,"Silla inv. SEUL, roja",UDS,SILLA,0.0,10,2022,31
103132,10000,30000.0,1960-S,PRINCIPAL,2022-11-01,2023-04-16,"ROME Guest Chair, green",Piece,1.0,193.7,151.1,193.7,193.7,SILLA,Venta,2022-01-01,"Silla inv. ROMA, verde",UDS,SILLA,2.0,11,2022,1
103132,20000,30000.0,2000-S,PRINCIPAL,2022-11-01,2023-04-16,"SYDNEY Swivel Chair, green",Piece,6.0,191.0,148.9,1146.0,1146.0,SILLA,Venta,2022-01-01,"Silla giratoria SIDNEY, verde",UDS,SILLA,38.0,11,2022,1
103133,10000,20000.0,1928-S,PRINCIPAL,2022-11-17,2023-04-16,Lámpara ÁMSTERDAM,Unidad,2.0,55.2,43.1,110.4,133.58,VARIOS,Venta,2022-01-01,Lámpara ÁMSTERDAM,UDS,VARIOS,8.0,11,2022,17
103134,10000,30000.0,1988-S,PRINCIPAL,2022-11-19,2023-04-16,"SEOUL Guest Chair, red",Piece,1.0,193.7,151.1,193.7,193.7,SILLA,Venta,2022-01-01,"Silla inv. SEUL, roja",UDS,SILLA,0.0,11,2022,19
103135,10000,50000.0,1968-S,PRINCIPAL,2022-11-20,2023-04-16,"Silla giratoria MÉXICO, negra",Unidad,2.0,191.0,148.9,382.0,462.22,SILLA,Venta,2022-01-01,"Silla giratoria MÉXICO, negra",UDS,SILLA,10.0,11,2022,20
103136,10000,10000.0,1896-S,PRINCIPAL,2022-11-21,2023-04-16,Escritorio ATENAS,Unidad,4.0,1005.8,784.6,4023.2,4868.07,MESA,Venta,2022-01-01,Escritorio ATENAS,UDS,MESA,4.0,11,2022,21
103136,20000,10000.0,1960-S,PRINCIPAL,2022-11-21,2023-04-16,"Silla inv. ROMA, verde",Unidad,3.0,193.7,151.1,581.1,703.14,SILLA,Venta,2022-01-01,"Silla inv. ROMA, verde",UDS,SILLA,2.0,11,2022,21
103136,30000,10000.0,1972-S,PRINCIPAL,2022-11-21,2023-04-16,"Silla giratoria MUNICH, amar.",Unidad,2.0,191.0,148.9,382.0,462.22,SILLA,Venta,2022-01-01,"Silla giratoria MUNICH, amar.",UDS,SILLA,0.0,11,2022,21
103136,40000,10000.0,1996-S,PRINCIPAL,2022-11-21,2023-04-16,"Pizarra ATLANTA, base",Unidad,4.0,1404.3,1095.3,5617.2,6796.81,VARIOS,Venta,2022-01-01,"Pizarra ATLANTA, base",UDS,VARIOS,10.0,11,2022,21
103137,10000,20000.0,1900-S,PRINCIPAL,2022-11-22,2023-04-16,"Silla inv. PARÍS, negra",Unidad,3.0,193.7,151.1,581.1,703.13,SILLA,Venta,2022-01-01,"Silla inv. PARÍS, negra",UDS,SILLA,0.0,11,2022,22
103137,20000,20000.0,1964-S,PRINCIPAL,2022-11-22,2023-04-16,"Silla inv. TOKIO, azul",Unidad,4.0,193.7,151.1,774.8,937.51,SILLA,Venta,2022-01-01,"Silla inv. TOKIO, azul",UDS,SILLA,4.0,11,2022,22
103137,30000,20000.0,1980-S,PRINCIPAL,2022-11-22,2023-04-16,"Silla giratoria MOSCÚ, roja",Unidad,2.0,191.0,148.9,382.0,462.22,SILLA,Venta,2022-01-01,"Silla giratoria MOSCÚ, roja",UDS,SILLA,0.0,11,2022,22
103138,10000,50000.0,1906-S,PRINCIPAL,2022-11-24,2023-04-16,Pedestal móvil ATENAS,Unidad,6.0,435.8,339.9,2614.8,3163.91,ESCRITORIO,Venta,2022-01-01,Pedestal móvil ATENAS,UDS,ESCRITORIO,5.0,11,2022,24
103139,10000,40000.0,1908-S,PRINCIPAL,2022-11-24,2023-04-16,"Silla giratoria LONDRES, azul",stück,4.0,191.0,148.9,764.0,764.0,SILLA,Venta,2022-01-01,"Silla giratoria LONDRES, azul",UDS,SILLA,3.0,11,2022,24
103139,20000,40000.0,1920-S,PRINCIPAL,2022-11-24,2023-04-16,Mesa de conferencia AMBERES,stück,2.0,651.1,508.0,1302.2,1302.2,ESCRITORIO,Venta,2022-01-01,Mesa de conferencia AMBERES,UDS,ESCRITORIO,10.0,11,2022,24
103139,30000,40000.0,1960-S,PRINCIPAL,2022-11-24,2023-04-16,"Silla inv. ROMA, verde",stück,2.0,193.7,151.1,387.4,387.4,SILLA,Venta,2022-01-01,"Silla inv. ROMA, verde",UDS,SILLA,2.0,11,2022,24
103139,40000,40000.0,1968-S,PRINCIPAL,2022-11-24,2023-04-16,"Silla giratoria MÉXICO, negra",stück,4.0,191.0,148.9,764.0,764.0,SILLA,Venta,2022-01-01,"Silla giratoria MÉXICO, negra",UDS,SILLA,10.0,11,2022,24
103139,50000,40000.0,1980-S,PRINCIPAL,2022-11-24,2023-04-16,"Silla giratoria MOSCÚ, roja",stück,1.0,191.0,148.9,191.0,191.0,SILLA,Venta,2022-01-01,"Silla giratoria MOSCÚ, roja",UDS,SILLA,0.0,11,2022,24
103140,10000,20000.0,1900-S,PRINCIPAL,2022-11-25,2023-04-16,"Silla inv. PARÍS, negra",Unidad,4.0,193.7,151.1,774.8,937.51,SILLA,Venta,2022-01-01,"Silla inv. PARÍS, negra",UDS,SILLA,0.0,11,2022,25
103141,10000,30000.0,1896-S,PRINCIPAL,2022-11-25,2023-04-16,ATHENS Desk,Piece,4.0,1005.8,784.6,4023.2,4023.2,MESA,Venta,2022-01-01,Escritorio ATENAS,UDS,MESA,4.0,11,2022,25
103141,20000,30000.0,1928-S,PRINCIPAL,2022-11-25,2023-04-16,Lámpara giratoria roja,Piece,7.0,55.2,43.1,386.4,386.4,VARIOS,Venta,2022-01-01,Lámpara ÁMSTERDAM,UDS,VARIOS,8.0,11,2022,25
103141,30000,30000.0,1996-S,PRINCIPAL,2022-11-25,2023-04-16,"ATLANTA Whiteboard, base",Piece,2.0,1404.3,1095.3,2808.6,2808.6,VARIOS,Venta,2022-01-01,"Pizarra ATLANTA, base",UDS,VARIOS,10.0,11,2022,25
103142,10000,50000.0,1920-S,PRINCIPAL,2022-11-28,2023-04-16,Mesa de conferencia AMBERES,Unidad,2.0,651.1,508.0,1302.2,1575.66,ESCRITORIO,Venta,2022-01-01,Mesa de conferencia AMBERES,UDS,ESCRITORIO,10.0,11,2022,28
103142,20000,50000.0,1988-S,PRINCIPAL,2022-11-28,2023-04-16,"Silla inv. SEUL, roja",Unidad,4.0,193.7,151.1,774.8,937.51,SILLA,Venta,2022-01-01,"Silla inv. SEUL, roja",UDS,SILLA,0.0,11,2022,28
103143,10000,30000.0,1936-S,PRINCIPAL,2022-11-28,2023-04-16,"BERLIN Guest Chair, yellow",Piece,7.0,193.7,151.1,1355.9,1355.9,SILLA,Venta,2022-01-01,"Silla invit. BERLÍN, amar.",UDS,SILLA,100.0,11,2022,28
103143,20000,30000.0,1972-S,PRINCIPAL,2022-11-28,2023-04-16,"MUNICH Swivel Chair, yellow",Piece,3.0,191.0,148.9,573.0,573.0,SILLA,Venta,2022-01-01,"Silla giratoria MUNICH, amar.",UDS,SILLA,0.0,11,2022,28
103143,30000,30000.0,2000-S,PRINCIPAL,2022-11-28,2023-04-16,"SYDNEY Swivel Chair, green",Piece,5.0,191.0,148.9,955.0,955.0,SILLA,Venta,2022-01-01,"Silla giratoria SIDNEY, verde",UDS,SILLA,38.0,11,2022,28
103144,10000,30000.0,1960-S,PRINCIPAL,2022-12-02,2023-04-16,"ROME Guest Chair, green",Piece,1.0,193.7,151.1,193.7,193.7,SILLA,Venta,2022-01-01,"Silla inv. ROMA, verde",UDS,SILLA,2.0,12,2022,2
103145,10000,20000.0,1928-S,PRINCIPAL,2022-12-18,2023-04-16,Lámpara ÁMSTERDAM,Unidad,2.0,55.2,43.1,110.4,133.58,VARIOS,Venta,2022-01-01,Lámpara ÁMSTERDAM,UDS,VARIOS,8.0,12,2022,18
103145,20000,20000.0,1988-S,PRINCIPAL,2022-12-18,2023-04-16,"Silla inv. SEUL, roja",Unidad,1.0,193.7,151.1,193.7,234.38,SILLA,Venta,2022-01-01,"Silla inv. SEUL, roja",UDS,SILLA,0.0,12,2022,18
103146,10000,10000.0,1960-S,PRINCIPAL,2022-12-19,2023-04-16,"Silla inv. ROMA, verde",Unidad,2.0,193.7,151.1,387.4,468.75,SILLA,Venta,2022-01-01,"Silla inv. ROMA, verde",UDS,SILLA,2.0,12,2022,19
103147,10000,50000.0,1968-S,PRINCIPAL,2022-12-21,2023-04-16,"Silla giratoria MÉXICO, negra",Unidad,1.0,191.0,148.9,191.0,231.11,SILLA,Venta,2022-01-01,"Silla giratoria MÉXICO, negra",UDS,SILLA,10.0,12,2022,21
103148,10000,10000.0,1896-S,PRINCIPAL,2022-12-22,2023-04-16,Escritorio ATENAS,Unidad,3.0,1005.8,784.6,3017.4,3651.05,MESA,Venta,2022-01-01,Escritorio ATENAS,UDS,MESA,4.0,12,2022,22
103148,20000,10000.0,1972-S,PRINCIPAL,2022-12-22,2023-04-16,"Silla giratoria MUNICH, amar.",Unidad,1.0,191.0,148.9,191.0,231.11,SILLA,Venta,2022-01-01,"Silla giratoria MUNICH, amar.",UDS,SILLA,0.0,12,2022,22
103149,10000,20000.0,1900-S,PRINCIPAL,2022-12-23,2023-04-16,"Silla inv. PARÍS, negra",Unidad,1.0,193.7,151.1,193.7,234.38,SILLA,Venta,2022-01-01,"Silla inv. PARÍS, negra",UDS,SILLA,0.0,12,2022,23
103149,20000,20000.0,1964-S,PRINCIPAL,2022-12-23,2023-04-16,"Silla inv. TOKIO, azul",Unidad,2.0,193.7,151.1,387.4,468.75,SILLA,Venta,2022-01-01,"Silla inv. TOKIO, azul",UDS,SILLA,4.0,12,2022,23
103150,10000,40000.0,1960-S,PRINCIPAL,2022-12-23,2023-04-16,"Silla inv. ROMA, verde",stück,1.0,193.7,151.1,193.7,193.7,SILLA,Venta,2022-01-01,"Silla inv. ROMA, verde",UDS,SILLA,2.0,12,2022,23
103150,20000,40000.0,1996-S,PRINCIPAL,2022-12-23,2023-04-16,"Pizarra ATLANTA, base",stück,2.0,1404.3,1095.3,2808.6,2808.6,VARIOS,Venta,2022-01-01,"Pizarra ATLANTA, base",UDS,VARIOS,10.0,12,2022,23
103151,10000,50000.0,1906-S,PRINCIPAL,2022-12-25,2023-04-16,Pedestal móvil ATENAS,Unidad,2.0,435.8,339.9,871.6,1054.64,ESCRITORIO,Venta,2022-01-01,Pedestal móvil ATENAS,UDS,ESCRITORIO,5.0,12,2022,25
103152,10000,30000.0,1928-S,PRINCIPAL,2022-12-26,2023-04-16,Lámpara giratoria roja,Piece,4.0,55.2,43.1,220.8,220.8,VARIOS,Venta,2022-01-01,Lámpara ÁMSTERDAM,UDS,VARIOS,8.0,12,2022,26
103153,10000,40000.0,1908-S,PRINCIPAL,2022-12-26,2023-04-16,"Silla giratoria LONDRES, azul",stück,3.0,191.0,148.9,573.0,573.0,SILLA,Venta,2022-01-01,"Silla giratoria LONDRES, azul",UDS,SILLA,3.0,12,2022,26
103153,20000,40000.0,1920-S,PRINCIPAL,2022-12-26,2023-04-16,Mesa de conferencia AMBERES,stück,1.0,651.1,508.0,651.1,651.1,ESCRITORIO,Venta,2022-01-01,Mesa de conferencia AMBERES,UDS,ESCRITORIO,10.0,12,2022,26
103153,30000,40000.0,1968-S,PRINCIPAL,2022-12-26,2023-04-16,"Silla giratoria MÉXICO, negra",stück,3.0,191.0,148.9,573.0,573.0,SILLA,Venta,2022-01-01,"Silla giratoria MÉXICO, negra",UDS,SILLA,10.0,12,2022,26
103154,10000,50000.0,1920-S,PRINCIPAL,2022-12-29,2023-04-16,Mesa de conferencia AMBERES,Unidad,1.0,651.1,508.0,651.1,787.83,ESCRITORIO,Venta,2022-01-01,Mesa de conferencia AMBERES,UDS,ESCRITORIO,10.0,12,2022,29
103155,10000,30000.0,1896-S,PRINCIPAL,2022-12-29,2023-04-16,ATHENS Desk,Piece,3.0,1005.8,784.6,3017.4,3017.4,MESA,Venta,2022-01-01,Escritorio ATENAS,UDS,MESA,4.0,12,2022,29
103155,20000,30000.0,1936-S,PRINCIPAL,2022-12-29,2023-04-16,"BERLIN Guest Chair, yellow",Piece,5.0,193.7,151.1,968.5,968.5,SILLA,Venta,2022-01-01,"Silla invit. BERLÍN, amar.",UDS,SILLA,100.0,12,2022,29
103155,30000,30000.0,1972-S,PRINCIPAL,2022-12-29,2023-04-16,"MUNICH Swivel Chair, yellow",Piece,2.0,191.0,148.9,382.0,382.0,SILLA,Venta,2022-01-01,"Silla giratoria MUNICH, amar.",UDS,SILLA,0.0,12,2022,29
103155,40000,30000.0,1988-S,PRINCIPAL,2022-12-29,2023-04-16,"SEOUL Guest Chair, red",Piece,2.0,193.7,151.1,387.4,387.4,SILLA,Venta,2022-01-01,"Silla inv. SEUL, roja",UDS,SILLA,0.0,12,2022,29
103155,50000,30000.0,2000-S,PRINCIPAL,2022-12-29,2023-04-16,"SYDNEY Swivel Chair, green",Piece,3.0,191.0,148.9,573.0,573.0,SILLA,Venta,2022-01-01,"Silla giratoria SIDNEY, verde",UDS,SILLA,38.0,12,2022,29
103156,10000,20000.0,1900-S,PRINCIPAL,2022-12-29,2023-04-16,"Silla inv. PARÍS, negra",Unidad,2.0,193.7,151.1,387.4,468.75,SILLA,Venta,2022-01-01,"Silla inv. PARÍS, negra",UDS,SILLA,0.0,12,2022,29
103156,20000,20000.0,1980-S,PRINCIPAL,2022-12-29,2023-04-16,"Silla giratoria MOSCÚ, roja",Unidad,2.0,191.0,148.9,382.0,462.22,SILLA,Venta,2022-01-01,"Silla giratoria MOSCÚ, roja",UDS,SILLA,0.0,12,2022,29
103157,10000,10000.0,1996-S,PRINCIPAL,2022-12-31,2023-04-16,"Pizarra ATLANTA, base",Unidad,2.0,1404.3,1095.3,2808.6,3398.41,VARIOS,Venta,2022-01-01,"Pizarra ATLANTA, base",UDS,VARIOS,10.0,12,2022,31
103158,10000,30000.0,1960-S,PRINCIPAL,2023-01-01,2023-04-16,"ROME Guest Chair, green",Piece,1.0,193.7,151.1,193.7,193.7,SILLA,Venta,2022-01-01,"Silla inv. ROMA, verde",UDS,SILLA,2.0,1,2023,1
103159,10000,20000.0,1928-S,PRINCIPAL,2023-01-18,2023-04-16,Lámpara ÁMSTERDAM,Unidad,3.0,55.2,43.1,165.6,200.38,VARIOS,Venta,2022-01-01,Lámpara ÁMSTERDAM,UDS,VARIOS,8.0,1,2023,18
103160,10000,10000.0,1960-S,PRINCIPAL,2023-01-19,2023-04-16,"Silla inv. ROMA, verde",Unidad,4.0,193.7,151.1,774.8,937.51,SILLA,Venta,2022-01-01,"Silla inv. ROMA, verde",UDS,SILLA,2.0,1,2023,19
103161,10000,30000.0,1988-S,PRINCIPAL,2023-01-20,2023-04-16,"SEOUL Guest Chair, red",Piece,1.0,193.7,151.1,193.7,193.7,SILLA,Venta,2022-01-01,"Silla inv. SEUL, roja",UDS,SILLA,0.0,1,2023,20
103162,10000,50000.0,1968-S,PRINCIPAL,2023-01-21,2023-04-16,"Silla giratoria MÉXICO, negra",Unidad,2.0,191.0,148.9,382.0,462.22,SILLA,Venta,2022-01-01,"Silla giratoria MÉXICO, negra",UDS,SILLA,10.0,1,2023,21
103163,10000,40000.0,1960-S,PRINCIPAL,2023-01-22,2023-04-16,"Silla inv. ROMA, verde",stück,2.0,193.7,151.1,387.4,387.4,SILLA,Venta,2022-01-01,"Silla inv. ROMA, verde",UDS,SILLA,2.0,1,2023,22
103164,10000,20000.0,1900-S,PRINCIPAL,2023-01-23,2023-04-16,"Silla inv. PARÍS, negra",Unidad,4.0,193.7,151.1,774.8,937.51,SILLA,Venta,2022-01-01,"Silla inv. PARÍS, negra",UDS,SILLA,0.0,1,2023,23
103164,20000,20000.0,1964-S,PRINCIPAL,2023-01-23,2023-04-16,"Silla inv. TOKIO, azul",Unidad,6.0,193.7,151.1,1162.2,1406.26,SILLA,Venta,2022-01-01,"Silla inv. TOKIO, azul",UDS,SILLA,4.0,1,2023,23
103164,30000,20000.0,1980-S,PRINCIPAL,2023-01-23,2023-04-16,"Silla giratoria MOSCÚ, roja",Unidad,3.0,191.0,148.9,573.0,693.33,SILLA,Venta,2022-01-01,"Silla giratoria MOSCÚ, roja",UDS,SILLA,0.0,1,2023,23
103165,10000,10000.0,1896-S,PRINCIPAL,2023-01-23,2023-04-16,Escritorio ATENAS,Unidad,6.0,1005.8,784.6,6034.8,7302.11,MESA,Venta,2022-01-01,Escritorio ATENAS,UDS,MESA,4.0,1,2023,23
103165,20000,10000.0,1972-S,PRINCIPAL,2023-01-23,2023-04-16,"Silla giratoria MUNICH, amar.",Unidad,2.0,191.0,148.9,382.0,462.22,SILLA,Venta,2022-01-01,"Silla giratoria MUNICH, amar.",UDS,SILLA,0.0,1,2023,23
103165,30000,10000.0,1996-S,PRINCIPAL,2023-01-23,2023-04-16,"Pizarra ATLANTA, base",Unidad,4.0,1404.3,1095.3,5617.2,6796.81,VARIOS,Venta,2022-01-01,"Pizarra ATLANTA, base",UDS,VARIOS,10.0,1,2023,23
103166,10000,50000.0,1906-S,PRINCIPAL,2023-01-25,2023-04-16,Pedestal móvil ATENAS,Unidad,6.0,435.8,339.9,2614.8,3163.91,ESCRITORIO,Venta,2022-01-01,Pedestal móvil ATENAS,UDS,ESCRITORIO,5.0,1,2023,25
103167,10000,30000.0,1928-S,PRINCIPAL,2023-01-26,2023-04-16,Lámpara giratoria roja,Piece,8.0,55.2,43.1,441.6,441.6,VARIOS,Venta,2022-01-01,Lámpara ÁMSTERDAM,UDS,VARIOS,8.0,1,2023,26
103168,10000,40000.0,1908-S,PRINCIPAL,2023-01-26,2023-04-16,"Silla giratoria LONDRES, azul",stück,5.0,191.0,148.9,955.0,955.0,SILLA,Venta,2022-01-01,"Silla giratoria LONDRES, azul",UDS,SILLA,3.0,1,2023,26
103168,20000,40000.0,1920-S,PRINCIPAL,2023-01-26,2023-04-16,Mesa de conferencia AMBERES,stück,3.0,651.1,508.0,1953.3,1953.3,ESCRITORIO,Venta,2022-01-01,Mesa de conferencia AMBERES,UDS,ESCRITORIO,10.0,1,2023,26
103168,30000,40000.0,1968-S,PRINCIPAL,2023-01-26,2023-04-16,"Silla giratoria MÉXICO, negra",stück,5.0,191.0,148.9,955.0,955.0,SILLA,Venta,2022-01-01,"Silla giratoria MÉXICO, negra",UDS,SILLA,10.0,1,2023,26
103168,40000,40000.0,1980-S,PRINCIPAL,2023-01-26,2023-04-16,"Silla giratoria MOSCÚ, roja",stück,1.0,191.0,148.9,191.0,191.0,SILLA,Venta,2022-01-01,"Silla giratoria MOSCÚ, roja",UDS,SILLA,0.0,1,2023,26
103169,10000,20000.0,1900-S,PRINCIPAL,2023-01-28,2023-04-16,"Silla inv. PARÍS, negra",Unidad,4.0,193.7,151.1,774.8,937.51,SILLA,Venta,2022-01-01,"Silla inv. PARÍS, negra",UDS,SILLA,0.0,1,2023,28
103170,10000,30000.0,1896-S,PRINCIPAL,2023-01-29,2023-04-16,ATHENS Desk,Piece,4.0,1005.8,784.6,4023.2,4023.2,MESA,Venta,2022-01-01,Escritorio ATENAS,UDS,MESA,4.0,1,2023,29
103170,20000,30000.0,1936-S,PRINCIPAL,2023-01-29,2023-04-16,"BERLIN Guest Chair, yellow",Piece,9.0,193.7,151.1,1743.3,1743.3,SILLA,Venta,2022-01-01,"Silla invit. BERLÍN, amar.",UDS,SILLA,100.0,1,2023,29
103170,30000,30000.0,1972-S,PRINCIPAL,2023-01-29,2023-04-16,"MUNICH Swivel Chair, yellow",Piece,4.0,191.0,148.9,764.0,764.0,SILLA,Venta,2022-01-01,"Silla giratoria MUNICH, amar.",UDS,SILLA,0.0,1,2023,29
103170,40000,30000.0,1996-S,PRINCIPAL,2023-01-29,2023-04-16,"ATLANTA Whiteboard, base",Piece,3.0,1404.3,1095.3,4212.9,4212.9,VARIOS,Venta,2022-01-01,"Pizarra ATLANTA, base",UDS,VARIOS,10.0,1,2023,29
103171,10000,50000.0,1920-S,PRINCIPAL,2023-01-31,2023-04-16,Mesa de conferencia AMBERES,Unidad,3.0,651.1,508.0,1953.3,2363.49,ESCRITORIO,Venta,2022-01-01,Mesa de conferencia AMBERES,UDS,ESCRITORIO,10.0,1,2023,31
103171,20000,50000.0,1988-S,PRINCIPAL,2023-01-31,2023-04-16,"Silla inv. SEUL, roja",Unidad,4.0,193.7,151.1,774.8,937.51,SILLA,Venta,2022-01-01,"Silla inv. SEUL, roja",UDS,SILLA,0.0,1,2023,31
103172,10000,30000.0,1960-S,PRINCIPAL,2023-02-01,2023-04-16,"ROME Guest Chair, green",Piece,1.0,193.7,151.1,193.7,193.7,SILLA,Venta,2022-01-01,"Silla inv. ROMA, verde",UDS,SILLA,2.0,2,2023,1
103172,20000,30000.0,2000-S,PRINCIPAL,2023-02-01,2023-04-16,"SYDNEY Swivel Chair, green",Piece,5.0,191.0,148.9,955.0,955.0,SILLA,Venta,2022-01-01,"Silla giratoria SIDNEY, verde",UDS,SILLA,38.0,2,2023,1
103173,10000,20000.0,1928-S,PRINCIPAL,2023-02-17,2023-04-16,Lámpara ÁMSTERDAM,Unidad,3.0,55.2,43.1,165.6,200.38,VARIOS,Venta,2022-01-01,Lámpara ÁMSTERDAM,UDS,VARIOS,8.0,2,2023,17
103174,10000,10000.0,1960-S,PRINCIPAL,2023-02-17,2023-04-16,"Silla inv. ROMA, verde",Unidad,4.0,193.7,151.1,774.8,937.51,SILLA,Venta,2022-01-01,"Silla inv. ROMA, verde",UDS,SILLA,2.0,2,2023,17
103175,10000,30000.0,1988-S,PRINCIPAL,2023-02-19,2023-04-16,"SEOUL Guest Chair, red",Piece,2.0,193.7,151.1,387.4,387.4,SILLA,Venta,2022-01-01,"Silla inv. SEUL, roja",UDS,SILLA,0.0,2,2023,19
103176,10000,40000.0,1960-S,PRINCIPAL,2023-02-20,2023-04-16,"Silla inv. ROMA, verde",stück,2.0,193.7,151.1,387.4,387.4,SILLA,Venta,2022-01-01,"Silla inv. ROMA, verde",UDS,SILLA,2.0,2,2023,20
103177,10000,20000.0,1900-S,PRINCIPAL,2023-02-21,2023-04-16,"Silla inv. PARÍS, negra",Unidad,6.0,193.7,151.1,1162.2,1406.26,SILLA,Venta,2022-01-01,"Silla inv. PARÍS, negra",UDS,SILLA,0.0,2,2023,21
103177,20000,20000.0,1964-S,PRINCIPAL,2023-02-21,2023-04-16,"Silla inv. TOKIO, azul",Unidad,5.0,193.7,151.1,968.5,1171.89,SILLA,Venta,2022-01-01,"Silla inv. TOKIO, azul",UDS,SILLA,4.0,2,2023,21
103177,30000,20000.0,1980-S,PRINCIPAL,2023-02-21,2023-04-16,"Silla giratoria MOSCÚ, roja",Unidad,3.0,191.0,148.9,573.0,693.33,SILLA,Venta,2022-01-01,"Silla giratoria MOSCÚ, roja",UDS,SILLA,0.0,2,2023,21
103178,10000,10000.0,1896-S,PRINCIPAL,2023-02-21,2023-04-16,Escritorio ATENAS,Unidad,8.0,1005.8,784.6,8046.4,9736.14,MESA,Venta,2022-01-01,Escritorio ATENAS,UDS,MESA,4.0,2,2023,21
103178,20000,10000.0,1972-S,PRINCIPAL,2023-02-21,2023-04-16,"Silla giratoria MUNICH, amar.",Unidad,2.0,191.0,148.9,382.0,462.22,SILLA,Venta,2022-01-01,"Silla giratoria MUNICH, amar.",UDS,SILLA,0.0,2,2023,21
103178,30000,10000.0,1996-S,PRINCIPAL,2023-02-21,2023-04-16,"Pizarra ATLANTA, base",Unidad,6.0,1404.3,1095.3,8425.8,10195.22,VARIOS,Venta,2022-01-01,"Pizarra ATLANTA, base",UDS,VARIOS,10.0,2,2023,21
103179,10000,50000.0,1906-S,PRINCIPAL,2023-02-22,2023-04-16,Pedestal móvil ATENAS,Unidad,10.0,435.8,339.9,4358.0,5273.18,ESCRITORIO,Venta,2022-01-01,Pedestal móvil ATENAS,UDS,ESCRITORIO,5.0,2,2023,22
103179,20000,50000.0,1968-S,PRINCIPAL,2023-02-22,2023-04-16,"Silla giratoria MÉXICO, negra",Unidad,2.0,191.0,148.9,382.0,462.22,SILLA,Venta,2022-01-01,"Silla giratoria MÉXICO, negra",UDS,SILLA,10.0,2,2023,22
103180,10000,40000.0,1908-S,PRINCIPAL,2023-02-24,2023-04-16,"Silla giratoria LONDRES, azul",stück,6.0,191.0,148.9,1146.0,1146.0,SILLA,Venta,2022-01-01,"Silla giratoria LONDRES, azul",UDS,SILLA,3.0,2,2023,24
103180,20000,40000.0,1920-S,PRINCIPAL,2023-02-24,2023-04-16,Mesa de conferencia AMBERES,stück,3.0,651.1,508.0,1953.3,1953.3,ESCRITORIO,Venta,2022-01-01,Mesa de conferencia AMBERES,UDS,ESCRITORIO,10.0,2,2023,24
103180,30000,40000.0,1968-S,PRINCIPAL,2023-02-24,2023-04-16,"Silla giratoria MÉXICO, negra",stück,4.0,191.0,148.9,764.0,764.0,SILLA,Venta,2022-01-01,"Silla giratoria MÉXICO, negra",UDS,SILLA,10.0,2,2023,24
103180,40000,40000.0,1980-S,PRINCIPAL,2023-02-24,2023-04-16,"Silla giratoria MOSCÚ, roja",stück,1.0,191.0,148.9,191.0,191.0,SILLA,Venta,2022-01-01,"Silla giratoria MOSCÚ, roja",UDS,SILLA,0.0,2,2023,24
103181,10000,20000.0,1900-S,PRINCIPAL,2023-02-25,2023-04-16,"Silla inv. PARÍS, negra",Unidad,6.0,193.7,151.1,1162.2,1406.26,SILLA,Venta,2022-01-01,"Silla inv. PARÍS, negra",UDS,SILLA,0.0,2,2023,25
103182,10000,30000.0,1896-S,PRINCIPAL,2023-02-25,2023-04-16,ATHENS Desk,Piece,7.0,1005.8,784.6,7040.6,7040.6,MESA,Venta,2022-01-01,Escritorio ATENAS,UDS,MESA,4.0,2,2023,25
103182,20000,30000.0,1928-S,PRINCIPAL,2023-02-25,2023-04-16,Lámpara giratoria roja,Piece,10.0,55.2,43.1,552.0,552.0,VARIOS,Venta,2022-01-01,Lámpara ÁMSTERDAM,UDS,VARIOS,8.0,2,2023,25
103182,30000,30000.0,1936-S,PRINCIPAL,2023-02-25,2023-04-16,"BERLIN Guest Chair, yellow",Piece,11.0,193.7,151.1,2130.7,2130.7,SILLA,Venta,2022-01-01,"Silla invit. BERLÍN, amar.",UDS,SILLA,100.0,2,2023,25
103182,40000,30000.0,1996-S,PRINCIPAL,2023-02-25,2023-04-16,"ATLANTA Whiteboard, base",Piece,4.0,1404.3,1095.3,5617.2,5617.2,VARIOS,Venta,2022-01-01,"Pizarra ATLANTA, base",UDS,VARIOS,10.0,2,2023,25
103183,10000,30000.0,1960-S,PRINCIPAL,2023-02-28,2023-04-16,"ROME Guest Chair, green",Piece,2.0,193.7,151.1,387.4,387.4,SILLA,Venta,2022-01-01,"Silla inv. ROMA, verde",UDS,SILLA,2.0,2,2023,28
103183,20000,30000.0,1972-S,PRINCIPAL,2023-02-28,2023-04-16,"MUNICH Swivel Chair, yellow",Piece,5.0,191.0,148.9,955.0,955.0,SILLA,Venta,2022-01-01,"Silla giratoria MUNICH, amar.",UDS,SILLA,0.0,2,2023,28
103183,30000,30000.0,2000-S,PRINCIPAL,2023-02-28,2023-04-16,"SYDNEY Swivel Chair, green",Piece,7.0,191.0,148.9,1337.0,1337.0,SILLA,Venta,2022-01-01,"Silla giratoria SIDNEY, verde",UDS,SILLA,38.0,2,2023,28
103184,10000,50000.0,1920-S,PRINCIPAL,2023-02-28,2023-04-16,Mesa de conferencia AMBERES,Unidad,3.0,651.1,508.0,1953.3,2363.49,ESCRITORIO,Venta,2022-01-01,Mesa de conferencia AMBERES,UDS,ESCRITORIO,10.0,2,2023,28
103184,20000,50000.0,1988-S,PRINCIPAL,2023-02-28,2023-04-16,"Silla inv. SEUL, roja",Unidad,4.0,193.7,151.1,774.8,937.51,SILLA,Venta,2022-01-01,"Silla inv. SEUL, roja",UDS,SILLA,0.0,2,2023,28
103185,10000,20000.0,1928-S,PRINCIPAL,2023-03-18,2023-04-16,Lámpara ÁMSTERDAM,Unidad,4.0,55.2,43.1,220.8,267.17,VARIOS,Venta,2022-01-01,Lámpara ÁMSTERDAM,UDS,VARIOS,8.0,3,2023,18
103186,10000,10000.0,1960-S,PRINCIPAL,2023-03-19,2023-04-16,"Silla inv. ROMA, verde",Unidad,5.0,193.7,151.1,968.5,1171.89,SILLA,Venta,2022-01-01,"Silla inv. ROMA, verde",UDS,SILLA,2.0,3,2023,19
103187,10000,30000.0,1988-S,PRINCIPAL,2023-03-20,2023-04-16,"SEOUL Guest Chair, red",Piece,2.0,193.7,151.1,387.4,387.4,SILLA,Venta,2022-01-01,"Silla inv. SEUL, roja",UDS,SILLA,0.0,3,2023,20
103188,10000,50000.0,1968-S,PRINCIPAL,2023-03-21,2023-04-16,"Silla giratoria MÉXICO, negra",Unidad,2.0,191.0,148.9,382.0,462.22,SILLA,Venta,2022-01-01,"Silla giratoria MÉXICO, negra",UDS,SILLA,10.0,3,2023,21
103189,10000,40000.0,1960-S,PRINCIPAL,2023-03-22,2023-04-16,"Silla inv. ROMA, verde",stück,2.0,193.7,151.1,387.4,387.4,SILLA,Venta,2022-01-01,"Silla inv. ROMA, verde",UDS,SILLA,2.0,3,2023,22
103190,10000,20000.0,1900-S,PRINCIPAL,2023-03-23,2023-04-16,"Silla inv. PARÍS, negra",Unidad,5.0,193.7,151.1,968.5,1171.88,SILLA,Venta,2022-01-01,"Silla inv. PARÍS, negra",UDS,SILLA,0.0,3,2023,23
103190,20000,20000.0,1964-S,PRINCIPAL,2023-03-23,2023-04-16,"Silla inv. TOKIO, azul",Unidad,7.0,193.7,151.1,1355.9,1640.64,SILLA,Venta,2022-01-01,"Silla inv. TOKIO, azul",UDS,SILLA,4.0,3,2023,23
103190,30000,20000.0,1980-S,PRINCIPAL,2023-03-23,2023-04-16,"Silla giratoria MOSCÚ, roja",Unidad,4.0,191.0,148.9,764.0,924.44,SILLA,Venta,2022-01-01,"Silla giratoria MOSCÚ, roja",UDS,SILLA,0.0,3,2023,23
103191,10000,10000.0,1896-S,PRINCIPAL,2023-03-23,2023-04-16,Escritorio ATENAS,Unidad,10.0,1005.8,784.6,10058.0,12170.18,MESA,Venta,2022-01-01,Escritorio ATENAS,UDS,MESA,4.0,3,2023,23
103191,20000,10000.0,1972-S,PRINCIPAL,2023-03-23,2023-04-16,"Silla giratoria MUNICH, amar.",Unidad,3.0,191.0,148.9,573.0,693.33,SILLA,Venta,2022-01-01,"Silla giratoria MUNICH, amar.",UDS,SILLA,0.0,3,2023,23
103191,30000,10000.0,1996-S,PRINCIPAL,2023-03-23,2023-04-16,"Pizarra ATLANTA, base",Unidad,7.0,1404.3,1095.3,9830.1,11894.42,VARIOS,Venta,2022-01-01,"Pizarra ATLANTA, base",UDS,VARIOS,10.0,3,2023,23
103192,10000,50000.0,1906-S,PRINCIPAL,2023-03-25,2023-04-16,Pedestal móvil ATENAS,Unidad,10.0,435.8,339.9,4358.0,5273.18,ESCRITORIO,Venta,2022-01-01,Pedestal móvil ATENAS,UDS,ESCRITORIO,5.0,3,2023,25
103193,10000,30000.0,1928-S,PRINCIPAL,2023-03-26,2023-04-16,Lámpara giratoria roja,Piece,12.0,55.2,43.1,662.4,662.4,VARIOS,Venta,2022-01-01,Lámpara ÁMSTERDAM,UDS,VARIOS,8.0,3,2023,26
103194,10000,40000.0,1908-S,PRINCIPAL,2023-03-26,2023-04-16,"Silla giratoria LONDRES, azul",stück,7.0,191.0,148.9,1337.0,1337.0,SILLA,Venta,2022-01-01,"Silla giratoria LONDRES, azul",UDS,SILLA,3.0,3,2023,26
103194,20000,40000.0,1920-S,PRINCIPAL,2023-03-26,2023-04-16,Mesa de conferencia AMBERES,stück,3.0,651.1,508.0,1953.3,1953.3,ESCRITORIO,Venta,2022-01-01,Mesa de conferencia AMBERES,UDS,ESCRITORIO,10.0,3,2023,26
103194,30000,40000.0,1968-S,PRINCIPAL,2023-03-26,2023-04-16,"Silla giratoria MÉXICO, negra",stück,6.0,191.0,148.9,1146.0,1146.0,SILLA,Venta,2022-01-01,"Silla giratoria MÉXICO, negra",UDS,SILLA,10.0,3,2023,26
103194,40000,40000.0,1980-S,PRINCIPAL,2023-03-26,2023-04-16,"Silla giratoria MOSCÚ, roja",stück,1.0,191.0,148.9,191.0,191.0,SILLA,Venta,2022-01-01,"Silla giratoria MOSCÚ, roja",UDS,SILLA,0.0,3,2023,26
103195,10000,20000.0,1900-S,PRINCIPAL,2023-03-28,2023-04-16,"Silla inv. PARÍS, negra",Unidad,5.0,193.7,151.1,968.5,1171.89,SILLA,Venta,2022-01-01,"Silla inv. PARÍS, negra",UDS,SILLA,0.0,3,2023,28
103196,10000,30000.0,1896-S,PRINCIPAL,2023-03-29,2023-04-16,ATHENS Desk,Piece,8.0,1005.8,784.6,8046.4,8046.4,MESA,Venta,2022-01-01,Escritorio ATENAS,UDS,MESA,4.0,3,2023,29
103196,20000,30000.0,1936-S,PRINCIPAL,2023-03-29,2023-04-16,"BERLIN Guest Chair, yellow",Piece,13.0,193.7,151.1,2518.1,2518.1,SILLA,Venta,2022-01-01,"Silla invit. BERLÍN, amar.",UDS,SILLA,100.0,3,2023,29
103196,30000,30000.0,1972-S,PRINCIPAL,2023-03-29,2023-04-16,"MUNICH Swivel Chair, yellow",Piece,6.0,191.0,148.9,1146.0,1146.0,SILLA,Venta,2022-01-01,"Silla giratoria MUNICH, amar.",UDS,SILLA,0.0,3,2023,29
103196,40000,30000.0,1996-S,PRINCIPAL,2023-03-29,2023-04-16,"ATLANTA Whiteboard, base",Piece,5.0,1404.3,1095.3,7021.5,7021.5,VARIOS,Venta,2022-01-01,"Pizarra ATLANTA, base",UDS,VARIOS,10.0,3,2023,29
103197,10000,50000.0,1920-S,PRINCIPAL,2023-03-31,2023-04-16,Mesa de conferencia AMBERES,Unidad,3.0,651.1,508.0,1953.3,2363.49,ESCRITORIO,Venta,2022-01-01,Mesa de conferencia AMBERES,UDS,ESCRITORIO,10.0,3,2023,31
103197,20000,50000.0,1988-S,PRINCIPAL,2023-03-31,2023-04-16,"Silla inv. SEUL, roja",Unidad,5.0,193.7,151.1,968.5,1171.89,SILLA,Venta,2022-01-01,"Silla inv. SEUL, roja",UDS,SILLA,0.0,3,2023,31
103198,10000,30000.0,1960-S,PRINCIPAL,2023-04-01,2023-04-16,"ROME Guest Chair, green",Piece,2.0,193.7,151.1,387.4,387.4,SILLA,Venta,2022-01-01,"Silla inv. ROMA, verde",UDS,SILLA,2.0,4,2023,1
103198,20000,30000.0,2000-S,PRINCIPAL,2023-04-01,2023-04-16,"SYDNEY Swivel Chair, green",Piece,8.0,191.0,148.9,1528.0,1528.0,SILLA,Venta,2022-01-01,"Silla giratoria SIDNEY, verde",UDS,SILLA,38.0,4,2023,1
103199,10000,10000.0,1969-W,PRINCIPAL,2023-01-19,2023-04-16,Conjunto de conferencia 1,Unidad,5.0,343.5,0.0,1717.5,2078.18,SILLA,Venta,2022-01-01,Conjunto de conferencia 1,UDS,SILLA,-7.0,1,2023,19
103200,10000,10000.0,1965-W,PRINCIPAL,2023-01-20,2023-04-16,Paquete de conferencia 2-8,Unidad,6.0,235.0,0.0,1410.0,1706.1,SILLA,Venta,2022-01-01,Paquete de conferencia 2-8,UDS,SILLA,-81.0,1,2023,20
103201,10000,10000.0,1965-W,PRINCIPAL,2023-01-21,2023-04-16,Paquete de conferencia 2-8,Unidad,11.0,235.0,0.0,2585.0,3127.85,SILLA,Venta,2022-01-01,Paquete de conferencia 2-8,UDS,SILLA,-81.0,1,2023,21
103202,10000,10000.0,1953-W,PRINCIPAL,2023-01-26,2023-04-16,Sección invitados 1,Unidad,2.0,126.4,0.0,252.8,305.89,SILLA,Venta,2022-01-01,Sección invitados 1,UDS,SILLA,-49.0,1,2023,26
103203,10000,10000.0,1953-W,PRINCIPAL,2023-02-05,2023-04-16,Sección invitados 1,Unidad,23.0,126.4,0.0,2907.2,3517.71,SILLA,Venta,2022-01-01,Sección invitados 1,UDS,SILLA,-49.0,2,2023,5
103204,10000,10000.0,1965-W,PRINCIPAL,2023-02-15,2023-04-16,Paquete de conferencia 2-8,Unidad,1.0,235.0,0.0,235.0,284.35,SILLA,Venta,2022-01-01,Paquete de conferencia 2-8,UDS,SILLA,-81.0,2,2023,15
103205,10000,20000.0,1969-W,PRINCIPAL,2023-01-22,2023-04-16,Conjunto de conferencia 1,Unidad,2.0,343.5,0.0,687.0,831.27,SILLA,Venta,2022-01-01,Conjunto de conferencia 1,UDS,SILLA,-7.0,1,2023,22
103206,10000,20000.0,1965-W,PRINCIPAL,2023-01-27,2023-04-16,Paquete de conferencia 2-8,Unidad,20.0,235.0,0.0,4700.0,5687.0,SILLA,Venta,2022-01-01,Paquete de conferencia 2-8,UDS,SILLA,-81.0,1,2023,27
103207,10000,20000.0,1965-W,PRINCIPAL,2023-01-27,2023-04-16,Paquete de conferencia 2-8,Unidad,4.0,235.0,0.0,940.0,1137.4,SILLA,Venta,2022-01-01,Paquete de conferencia 2-8,UDS,SILLA,-81.0,1,2023,27
103208,10000,20000.0,1953-W,PRINCIPAL,2023-02-05,2023-04-16,Sección invitados 1,Unidad,10.0,126.4,0.0,1264.0,1529.44,SILLA,Venta,2022-01-01,Sección invitados 1,UDS,SILLA,-49.0,2,2023,5
103209,10000,20000.0,1953-W,PRINCIPAL,2023-02-10,2023-04-16,Sección invitados 1,Unidad,14.0,126.4,0.0,1769.6,2141.22,SILLA,Venta,2022-01-01,Sección invitados 1,UDS,SILLA,-49.0,2,2023,10
103210,10000,20000.0,1965-W,PRINCIPAL,2023-02-15,2023-04-16,Paquete de conferencia 2-8,Unidad,2.0,235.0,0.0,470.0,568.7,SILLA,Venta,2022-01-01,Paquete de conferencia 2-8,UDS,SILLA,-81.0,2,2023,15
103211,10000,30000.0,1965-W,PRINCIPAL,2023-01-18,2023-04-16,Confenrence Bundle 2-8,Piece,4.0,235.0,0.0,940.0,940.0,SILLA,Venta,2022-01-01,Paquete de conferencia 2-8,UDS,SILLA,-81.0,1,2023,18
103212,10000,30000.0,1965-W,PRINCIPAL,2023-01-21,2023-04-16,Confenrence Bundle 2-8,Piece,11.0,235.0,0.0,2585.0,2585.0,SILLA,Venta,2022-01-01,Paquete de conferencia 2-8,UDS,SILLA,-81.0,1,2023,21
103213,10000,40000.0,1965-W,PRINCIPAL,2023-01-22,2023-04-16,Paquete de conferencia 2-8,stück,20.0,235.0,0.0,4700.0,4700.0,SILLA,Venta,2022-01-01,Paquete de conferencia 2-8,UDS,SILLA,-81.0,1,2023,22
103214,10000,40000.0,1965-W,PRINCIPAL,2023-01-27,2023-04-16,Paquete de conferencia 2-8,stück,2.0,235.0,0.0,470.0,470.0,SILLA,Venta,2022-01-01,Paquete de conferencia 2-8,UDS,SILLA,-81.0,1,2023,27
